First Name,Surname,Team,Pos,£Start,£End,Total Points,Points Per Game,Transfers In,Transfers Out,Season Value,Minutes,Goals,Assists,Clean Sheets,Goals Conceded,Own Goals,Penalties Saved,Penalties Missed,Yellow Cards,Red Cards,Saves,Bonus Points,BPS,Influence,Creativity,Threat,ICT Index,Influence Rank,Creativity Rank,Threat Rank,ICT Index Rank
,,,,,,,,,,,,,,,,,,,,,,,,,,,,,,,
Kevin,De Bruyne,MCI,MID,9.5,10.6,251,7.2,6122288,4010477,23.7,2790,13,23,18,22,0,0,0,3,0,0,35,988,1322,1991,1005,432,1,1,27,1
Tammy,Abraham,CHE,FWD,7,7.3,153,4.5,5791038,5254123,21,2206,15,6,7,34,1,0,0,2,0,0,20,461,660,283,1301,223,58,150,10,28
Jamie,Vardy,LEI,FWD,9,9.7,210,6,5467849,4430099,21.6,3032,23,7,11,38,0,0,1,3,0,0,34,775,1026,418,1455,289,5,94,8,9
Raúl,Jiménez,WOL,FWD,7.5,8,194,5.1,4677222,3995389,24.2,3241,17,7,15,36,0,0,0,3,0,0,33,685,912,668,1680,325,15,27,3,4
Danny,Ings,SOT,FWD,6,7.6,198,5.2,4571871,2485698,26.1,2800,22,2,6,44,0,0,1,3,0,0,40,736,1010,458,1558,302,8,69,6,7
Sadio,Mané,LIV,MID,11.5,12.1,221,6.3,4436506,4215381,18.3,2745,18,10,12,28,0,0,0,3,0,0,27,689,1010,827,1239,308,7,15,14,5
Anthony,Martial,MUN,MID,7.5,8.5,200,6.2,4341987,3179579,23.5,2625,17,9,14,27,0,0,1,1,0,0,14,544,856,439,1297,259,22,80,11,16
Mason,Mount,CHE,MID,6,6,137,3.7,4341891,3712179,22.8,2865,7,6,9,44,0,0,0,3,0,0,11,510,641,814,974,243,65,17,28,20
Marcus,Rashford,MUN,FWD,8.5,8.9,177,5.7,4296358,4395817,19.9,2645,17,8,9,29,0,0,2,3,0,0,31,665,887,564,1265,272,19,40,13,15
John,Lundstram,SHU,DEF,4,4.6,144,4.2,4253643,2889148,31.3,2452,5,4,10,29,0,0,0,5,0,0,15,539,503,383,449,134,134,106,82,88
Teemu,Pukki,NOR,FWD,6.5,6.4,139,3.9,3977330,3753468,21.7,2884,11,3,6,59,0,0,0,3,0,0,21,444,545,380,1202,212,108,107,16,31
Todd,Cantwell,NOR,MID,4.5,4.5,111,3,3957013,3213559,24.7,2484,6,2,6,54,0,0,0,6,0,0,10,410,516,493,656,166,127,56,50,56
Pierre-Emerick,Aubameyang,ARS,FWD,11,10.9,205,5.7,3870546,4120318,18.8,3136,22,5,10,44,0,0,0,3,1,0,37,807,1006,480,1369,285,9,61,9,11
Mohamed,Salah,LIV,MID,12.5,12.5,233,6.9,3849393,4429958,18.6,2879,19,10,16,26,0,0,0,1,0,0,26,661,1061,835,2156,405,3,14,1,2
Heung-Min,Son,SPU,MID,9.5,9.7,169,5.6,3782131,3412666,17.4,2478,11,13,7,32,0,0,1,0,2,0,18,544,801,606,1144,255,32,32,18,18
Jack,Grealish,AVL,MID,6,5.9,149,4.1,3451403,2863872,25.3,3233,8,7,7,63,0,0,1,8,0,0,19,601,827,1209,837,287,28,4,37,10
Sergio,Agüero,MCI,FWD,12,11.6,132,5.5,3383429,3973926,11.4,1449,16,6,5,18,0,0,1,1,0,0,14,509,641,256,1188,208,66,163,17,33
James,Maddison,LEI,MID,7,7.3,125,4,3228528,3139013,17.1,2624,6,5,10,26,0,0,0,4,0,0,14,548,642,1246,702,259,63,3,46,17
Adama,Traoré,WOL,MID,5,5.6,130,3.5,3191443,2346310,23.2,2599,4,9,7,33,0,0,0,1,0,0,14,522,727,786,583,210,47,20,63,32
Mason,Greenwood,MUN,FWD,4.5,4.8,103,3.3,3138405,2256657,21.5,1303,10,1,6,13,0,0,0,0,0,0,17,430,450,223,502,117,157,184,74,115
Trent,Alexander-Arnold,LIV,DEF,7,7.7,210,5.5,3086983,2030884,27.3,3173,4,15,14,32,0,0,0,5,0,0,24,904,1027,1380,420,283,4,2,93,12
Raheem,Sterling,MCI,MID,12,12,204,6.2,3032220,3657073,17,2651,20,6,13,31,0,0,2,5,0,0,20,642,922,751,1829,350,13,23,2,3
Bruno Miguel,Borges Fernandes,MUN,MID,8,9,117,8.4,2639175,536915,13,1187,8,8,9,6,0,0,0,2,0,0,18,366,552,479,361,139,102,62,107,82
Riyad,Mahrez,MCI,MID,8.5,8.6,175,5.3,2614566,2151163,20.3,1934,11,14,10,15,0,0,0,0,0,0,17,668,814,886,1094,280,31,13,22,14
Çağlar,Söyüncü,LEI,DEF,4.5,4.9,120,3.5,2532029,2006764,24.5,3036,1,1,12,35,0,0,0,4,1,0,12,681,756,79,238,108,37,298,169,133
Richarlison,de Andrade,EVE,MID,8,8.2,165,4.6,2397993,2404156,20.1,3070,13,5,9,51,0,0,0,8,0,0,13,519,815,478,1233,252,30,63,15,19
Nick,Pope,BUR,GKP,4.5,5.2,170,4.5,2393185,1209353,32.7,3420,0,0,15,50,0,1,0,1,0,120,23,789,900,30,2,93,18,376,447,168
Christian,Pulisic,CHE,MID,7.5,7.4,127,5.1,2342711,2030262,17.2,1717,9,8,6,28,0,0,0,0,0,0,8,379,556,426,1059,204,98,87,25,37
Harry,Kane,SPU,FWD,11,11,158,5.4,2319478,3350838,14.4,2588,18,2,6,36,0,0,0,4,0,0,26,587,844,391,1071,231,24,103,23,26
Roberto,Firmino,LIV,FWD,9.5,9.3,155,4.1,2182653,2310943,16.7,2985,9,9,16,26,0,0,0,0,0,0,20,592,734,703,1638,308,45,26,4,6
Dominic,Calvert-Lewin,EVE,FWD,6,6.1,126,3.5,2164953,1743179,20.7,2621,13,1,8,43,0,0,0,9,0,0,15,385,563,241,1272,206,92,172,12,34
Virgil,van Dijk,LIV,DEF,6.5,6.5,178,4.7,2145436,2817026,27.4,3420,5,2,15,33,0,0,0,1,0,0,14,804,930,152,467,155,12,236,80,61
Dean,Henderson,SHU,GKP,4.5,5.2,160,4.4,2069503,1128970,30.8,3240,0,1,13,33,0,1,0,2,0,97,16,688,719,10,18,75,48,430,399,215
Martin,Kelly,CRY,DEF,4,4.1,64,3.4,2017451,2551730,15.6,1547,0,1,6,16,0,0,0,0,0,0,4,288,305,97,15,42,237,282,406,330
Willian,Borges Da Silva,CHE,MID,7,7.3,168,4.7,1895856,1238111,23,2595,9,9,10,35,0,0,0,4,0,0,26,698,835,1178,930,295,26,7,30,8
Jordan,Ayew,CRY,FWD,5,5.1,132,3.6,1864841,1618161,25.9,3148,9,3,12,45,0,0,0,6,0,0,19,443,597,446,885,192,79,74,34,43
David,Silva,MCI,MID,7.5,7.5,139,5.1,1851572,1575772,18.5,1821,6,12,11,15,0,0,0,0,0,0,15,549,640,736,937,231,68,24,29,24
Daniel,James,MUN,MID,6,5.7,95,2.9,1848854,1796488,16.7,2281,3,6,7,29,0,0,0,4,0,0,2,308,415,428,622,146,180,86,58,72
George,Baldock,SHU,DEF,4.5,5,142,3.7,1751132,957343,28.4,3420,2,4,13,39,0,0,0,7,0,0,7,602,560,486,241,129,93,58,167,98
Bamidele,Alli,SPU,MID,8.5,8.3,117,4.7,1729296,1643325,14.1,1845,8,6,4,25,0,0,0,2,0,0,12,349,531,329,627,149,118,126,56,70
Lewis,Dunk,BHA,DEF,4.5,4.8,128,3.6,1699421,1364752,26.7,3230,3,3,9,50,0,0,0,9,0,0,17,674,826,172,469,147,29,221,79,71
Aaron,Wan-Bissaka,MUN,DEF,5.5,5.5,127,3.6,1616611,2525510,23.1,3070,0,4,12,33,0,0,0,8,0,0,16,659,749,443,133,133,40,77,247,91
Serge,Aurier,SPU,DEF,5,5.1,124,3.8,1604925,1115196,24.3,2699,1,7,9,33,1,0,0,2,1,0,15,623,655,508,252,142,60,53,160,79
Ricardo Domingos,Barbosa Pereira,LEI,DEF,6,6.2,123,4.4,1585838,1530638,19.8,2520,3,2,10,27,0,0,0,1,0,0,11,568,738,447,235,142,44,73,173,77
Andrew,Robertson,LIV,DEF,7,7,181,5,1576594,2400141,25.9,3111,2,12,13,31,0,0,0,2,0,0,20,847,846,980,389,222,23,10,99,29
Lucas,Digne,EVE,DEF,6,5.9,120,3.4,1552877,2263171,20.3,3031,0,8,9,49,1,0,0,6,0,0,16,646,743,1112,293,215,41,8,137,30
Matt,Doherty,WOL,DEF,6,6.5,167,4.6,1494044,862351,25.7,2836,4,8,12,31,0,0,0,1,0,0,15,590,576,341,681,160,86,122,47,59
Benjamin,Chilwell,LEI,DEF,5.5,5.4,114,4.2,1476390,1461977,21.1,2374,3,3,9,26,0,0,0,3,0,0,8,501,546,545,208,130,106,45,194,95
Kasper,Schmeichel,LEI,GKP,5,5.5,156,4.1,1438211,1051107,28.4,3420,0,0,13,41,0,2,0,2,0,97,10,707,863,30,2,90,21,378,449,181
Diego,Rico,BOU,DEF,4,4.2,84,3.1,1435141,1315917,20,2333,0,5,6,38,0,0,0,6,0,0,10,463,597,559,96,126,81,41,288,101
John,McGinn,AVL,MID,5.5,5.2,84,3,1421393,1470311,16.2,2312,3,3,6,41,0,0,0,3,0,0,4,321,459,503,499,146,148,54,76,73
Ayoze,Pérez,LEI,MID,6.5,6,129,3.9,1315898,1981946,21.5,1998,8,5,9,25,0,0,0,0,0,0,9,402,547,444,779,177,105,76,41,48
Matteo,Guendouzi,ARS,MID,4.5,4.1,48,2,1307827,1222099,11.7,1744,0,2,3,31,0,0,0,6,0,0,2,272,334,235,146,72,222,177,240,225
Erik,Pieters,BUR,DEF,4.5,4.3,77,3.2,1259353,949684,17.9,1876,0,5,6,35,0,0,0,2,0,0,10,359,355,274,90,72,207,154,294,226
Ederson,Santana de Moraes,MCI,GKP,6,6.1,133,3.8,1248454,1642029,21.8,3071,0,0,16,31,0,0,0,3,1,68,2,645,609,16,0,62,73,410,662,261
Gabriel Fernando,de Jesus,MCI,FWD,9.5,9.9,146,4.3,1243451,857101,14.7,2018,14,8,12,14,0,0,1,3,0,0,17,535,758,448,1620,282,36,72,5,13
Wilfried,Zaha,CRY,MID,7,6.6,120,3.2,1235227,1910673,18.2,3279,4,6,9,46,0,0,0,5,0,0,4,337,572,588,1103,226,87,37,20,27
Mathew,Ryan,BHA,GKP,4.5,4.7,135,3.6,1231541,1282927,28.7,3420,0,0,9,54,0,0,0,0,0,117,14,754,1000,0,0,100,10,632,625,150
Rui Pedro,dos Santos Patrício,WOL,GKP,5,5.3,153,4,1224396,957926,28.9,3420,0,0,13,40,0,2,0,0,0,90,8,680,741,0,0,74,43,656,654,217
Leander,Dendoncker,WOL,MID,4.5,4.4,100,2.6,1222056,1550368,22.7,2790,4,0,11,34,1,0,0,5,0,0,9,426,529,161,282,97,120,233,141,160
Kyle,Walker,MCI,DEF,6,5.7,114,3.9,1133005,1532689,20,2392,1,4,12,24,0,0,0,5,0,0,7,573,436,394,169,100,168,100,224,151
Ashley,Barnes,BUR,FWD,6.5,6.1,61,3.2,1128731,1184946,10,1350,6,0,8,21,0,0,0,4,0,0,6,161,226,85,474,76,297,292,78,213
John,Fleck,SHU,MID,5,4.7,101,3.4,1083527,933863,21.5,2515,5,2,8,30,0,0,0,8,0,0,13,464,527,649,419,160,121,28,94,60
Bernardo Mota,Veiga de Carvalho e Silva,MCI,MID,8,7.6,116,3.4,1071058,2194989,15.3,2021,6,7,9,24,0,0,0,5,0,0,7,526,626,773,927,233,69,21,31,23
David,de Gea,MUN,GKP,5.5,5.3,143,3.8,1055461,1282006,27,3420,0,0,13,36,0,0,0,2,0,95,8,630,695,0,0,69,55,657,655,236
James,Tarkowski,BUR,DEF,5,5.5,143,3.8,1034779,479402,26,3420,2,3,15,50,0,0,0,10,0,0,14,690,920,167,410,150,14,223,95,68
Daniel,Ceballos Fernández,ARS,MID,5.5,5.2,57,2.4,1033759,1167278,11,1687,0,2,7,21,0,0,0,1,0,0,3,310,346,440,130,92,215,79,250,172
Lys,Mousset,SHU,FWD,5,4.3,84,2.8,998662,864425,19.5,1223,6,4,3,15,0,0,0,1,0,0,11,248,303,163,530,98,240,227,70,159
Patrick,van Aanholt,CRY,DEF,5.5,5.6,109,3.8,994637,1176174,19.5,2507,3,2,8,38,1,0,0,0,0,0,12,523,531,516,285,133,117,52,140,89
Diogo,Jota,WOL,FWD,6.5,6,105,3.1,989479,1478730,17.5,2278,7,3,10,28,0,0,0,4,0,0,12,348,458,453,1139,205,151,70,19,36
Youri,Tielemans,LEI,MID,6.5,6.1,117,3.2,955051,1092963,19.2,2823,3,6,12,35,0,0,0,2,0,0,5,531,567,805,502,188,89,19,75,45
Bukayo,Saka,ARS,MID,4.5,4.7,71,2.7,947293,528048,15.1,1746,1,6,7,18,0,0,0,6,0,0,4,259,327,323,248,90,227,129,164,179
Douglas Luiz,Soares de Paulo,AVL,MID,4.5,4.3,90,2.5,940364,761792,20.9,2604,3,2,8,51,0,0,0,8,0,0,5,411,509,293,377,118,128,144,101,114
Callum,Wilson,BOU,FWD,8,7.4,116,3.3,915252,1794434,15.7,2906,8,6,4,53,0,0,0,9,0,0,8,321,397,391,848,163,187,102,36,57
Jonny,Evans,LEI,DEF,5,5.3,128,3.4,908390,609507,24.2,3384,1,2,13,41,1,0,0,7,1,0,12,707,755,132,325,121,39,248,125,109
John,Egan,SHU,DEF,4.5,4.7,133,3.7,872633,362856,28.3,3187,2,1,13,33,0,0,0,3,1,0,9,592,641,25,587,125,64,394,61,102
Harry,Maguire,MUN,DEF,5.5,5.3,123,3.2,855993,1321827,23.2,3420,1,0,13,36,0,0,0,6,0,0,5,681,772,215,371,136,34,189,104,85
Nicolás,Otamendi,MCI,DEF,5.5,4.8,82,3.4,853086,828579,17.1,1710,2,1,7,21,0,0,0,3,0,0,6,389,444,66,319,83,159,321,128,196
Fikayo,Tomori,CHE,DEF,4.5,4.2,48,3.2,847045,790697,11.4,1291,1,0,4,18,0,0,0,3,0,0,7,271,335,69,79,49,221,316,307,310
Lucas,Rodrigues Moura da Silva,SPU,MID,7.5,7,100,2.9,836917,1295318,14.3,2235,4,5,6,29,0,0,0,3,0,0,3,330,495,477,751,172,137,64,43,52
Alisson,Ramses Becker,LIV,GKP,6,6.2,122,4.2,834369,2109958,19.7,2543,0,1,13,24,0,0,0,0,1,58,11,558,503,10,0,52,133,431,663,297
David,Button,BHA,GKP,4,3.9,0,0,815602,1153130,0,0,0,0,0,0,0,0,0,0,0,0,0,0,0,0,0,0,509,489,456,511
César,Azpilicueta,CHE,DEF,6,6.1,130,3.6,764717,719587,21.3,3229,2,6,8,53,0,0,0,1,0,0,16,700,905,709,438,205,16,25,85,35
Aaron,Ramsdale,BOU,GKP,4.5,4.4,126,3.4,762720,570673,28.6,3330,0,1,5,62,0,1,0,0,0,128,13,680,974,24,0,100,11,397,568,154
Brandon,Williams,MUN,DEF,4,3.8,51,3,757508,536834,13.4,1003,1,1,5,11,0,0,0,6,0,0,3,228,200,191,100,49,313,204,281,306
Enda,Stevens,SHU,DEF,5,5.2,142,3.7,755278,467406,27.3,3345,2,4,13,39,0,0,0,7,0,0,8,639,641,555,338,154,67,42,119,63
Bernd,Leno,ARS,GKP,5,4.8,114,3.8,737120,865543,23.8,2649,0,0,7,39,0,1,0,2,0,113,10,591,843,0,0,84,25,635,629,190
Romain,Saïss,WOL,DEF,4.5,4.7,103,3.1,734081,352101,21.9,2703,2,2,10,34,0,0,0,10,1,0,8,525,621,161,298,108,70,232,134,131
Harvey,Barnes,LEI,MID,6,5.8,133,3.7,730142,613738,22.9,2075,6,10,9,24,0,0,0,0,0,0,9,394,525,517,893,194,122,51,33,42
Phil,Foden,MCI,MID,5.5,5.5,69,3,699754,301901,12.5,888,5,2,4,7,0,0,0,0,0,0,4,261,312,302,466,108,234,137,81,132
Sébastien,Haller,WHU,FWD,7.5,6.8,102,3.2,689889,834983,15,2259,7,3,5,41,0,0,0,1,0,0,11,327,450,355,1012,181,155,114,26,47
Nicolas,Pépé,ARS,MID,9.5,8.9,106,3.4,689014,853519,11.9,2004,5,6,5,30,0,0,0,4,0,0,9,353,500,639,624,177,135,29,57,49
João Filipe Iria,Santos Moutinho,WOL,MID,5.5,5.3,113,3,684882,836481,21.3,3105,1,7,11,36,0,0,0,7,0,0,12,617,712,1200,122,204,50,5,257,38
Adrián,San Miguel del Castillo,LIV,GKP,4.5,4,27,2.5,683430,652546,6.8,873,0,0,2,10,0,0,0,1,0,18,0,136,131,0,0,13,357,509,478,412
Aaron,Connolly,BHA,FWD,4.5,4.2,61,2.5,667701,492038,14.5,1250,3,3,5,22,0,0,0,0,0,0,5,146,151,91,530,76,348,286,69,212
Joseph,Gomez,LIV,DEF,5.5,5.3,93,3.3,667311,532120,17.5,1999,0,0,12,16,0,0,0,7,0,0,7,461,391,106,12,51,190,273,414,301
Joshua,King,BOU,FWD,6.5,6.1,99,3.8,666583,1709754,16.2,2010,6,5,4,37,0,0,0,0,0,0,11,313,436,413,506,135,167,98,73,86
Jorge Luiz,Frello Filho,CHE,MID,5,4.9,92,3,662203,765115,18.8,2376,4,3,6,40,0,0,0,10,0,0,9,535,600,422,158,118,77,92,231,113
Harry,Wilson,BOU,MID,6,5.7,91,2.9,653284,655624,16,1637,7,1,2,32,0,0,0,2,0,0,7,295,377,242,667,129,197,170,49,100
Willy,Boly,WOL,DEF,5,4.9,97,4.4,648412,800667,19.8,1980,0,1,12,15,0,0,0,1,1,0,10,470,477,86,119,68,144,291,264,239
Jack,Simpson,BOU,DEF,4,3.9,4,1,643247,634299,1,238,0,0,0,6,0,0,0,0,0,0,0,33,34,13,18,6,437,418,397,443
Neal,Maupay,BHA,FWD,6,5.7,131,3.5,643074,561993,23,2763,10,3,8,36,0,0,1,3,0,0,21,361,519,369,1519,241,124,112,7,22
Jamaal,Lascelles,NEW,DEF,4.5,4.2,73,3,640120,840285,17.4,2076,1,0,8,31,0,0,0,5,0,0,3,358,403,28,125,56,184,386,255,281
Tyrone,Mings,AVL,DEF,4.5,4.4,90,2.7,633337,561993,20.5,2902,2,2,6,53,0,0,0,7,0,0,9,537,758,87,119,97,35,288,262,161
Oleksandr,Zinchenko,MCI,DEF,5.5,5.2,49,2.6,622994,1174276,9.4,1271,0,0,6,15,0,0,0,0,1,0,1,295,232,376,102,71,291,111,279,227
Nathan,Aké,BOU,DEF,5,4.8,79,2.7,614610,1391080,16.5,2503,2,2,4,46,0,0,0,2,0,0,6,499,691,93,326,111,56,285,123,125
Ainsley,Maitland-Niles,ARS,DEF,5,4.5,41,2,610816,653555,9.1,1382,0,2,3,22,0,0,0,4,1,0,3,244,302,182,58,54,241,216,337,287
Andriy,Yarmolenko,WHU,MID,6,5.2,70,3,604531,590356,13.5,981,5,1,3,17,0,0,0,2,0,0,10,231,284,266,329,88,253,158,121,185
Tanguy,Ndombele,SPU,MID,6,5.8,45,2.1,591187,834748,7.8,1002,2,2,1,17,0,0,0,3,0,0,2,220,274,195,122,59,259,203,259,272
Gabriel Teodoro,Martinelli Silva,ARS,FWD,4.5,4.2,39,2.8,580876,557782,9.3,656,3,1,2,9,0,0,0,1,0,0,5,129,163,37,226,43,337,366,177,327
Isaac,Hayden,NEW,MID,4.5,4.4,73,2.5,571584,812192,16.6,2220,1,4,8,36,0,0,0,4,1,0,3,309,369,228,189,79,199,182,206,203
Jack,O'Connell,SHU,DEF,4.5,4.5,111,3.4,565933,438260,24.7,2915,0,1,12,28,0,0,0,4,0,0,6,552,577,262,246,109,85,160,165,129
Paulo,Gazzaniga,SPU,GKP,4.5,4.1,58,3.2,555624,497405,14.1,1612,0,0,2,26,0,1,0,1,0,59,6,300,450,10,0,46,156,427,504,315
Paul,Pogba,MUN,MID,8.5,8.3,51,3.2,547704,873073,6.1,1202,1,4,6,9,0,0,1,1,0,0,2,215,296,420,193,91,245,93,203,173
Alex,McCarthy,SOT,GKP,4.5,4.5,104,3.7,541411,309825,23.1,2520,0,0,7,35,0,1,0,0,0,79,8,491,652,10,0,66,61,429,572,248
Jordan,Pickford,EVE,GKP,5.5,5.2,117,3.1,534082,779362,22.5,3420,0,0,9,56,0,0,0,2,0,94,5,626,756,13,0,77,38,416,651,208
Marcos,Alonso,CHE,DEF,6.5,6.1,100,5.6,529044,671763,16.4,1429,4,4,7,18,0,0,0,4,0,0,11,395,412,413,420,124,181,96,92,104
Jannik,Vestergaard,SOT,DEF,5,4.5,51,2.7,527672,465677,11.3,1496,1,0,4,26,0,0,0,3,0,0,6,286,364,81,183,63,201,295,212,257
Chris,Wood,BUR,FWD,6.5,6.2,136,4.2,504485,442980,21.9,2436,14,1,11,33,1,0,0,1,0,0,21,384,552,300,1070,191,101,138,24,44
Erik,Lamela,SPU,MID,6,5.7,65,2.6,500233,523372,11.4,1203,2,5,5,12,0,0,0,3,0,0,2,220,226,284,337,85,296,149,120,189
Ben,Foster,WAT,GKP,5,4.9,137,3.6,482603,435821,28,3420,0,0,9,64,0,1,0,1,0,117,17,686,905,10,17,94,17,426,404,167
Federico,Fernández,NEW,DEF,4.5,4.6,102,3.2,480625,284436,22.2,2617,2,3,8,42,1,0,0,8,0,0,13,507,741,75,223,104,42,303,180,142
Ismaïla,Sarr,WAT,MID,6.5,5.9,107,3.8,479031,424886,18.1,2023,5,7,6,35,0,0,0,1,0,0,7,300,392,392,637,142,189,101,53,76
Alexandre,Lacazette,ARS,FWD,9.5,9.2,118,3.9,458912,551879,12.8,1867,10,7,5,25,0,0,0,8,0,0,16,387,536,338,861,174,112,124,35,50
Divock,Origi,LIV,FWD,5.5,5.1,65,2.3,451116,638255,12.7,699,4,3,2,12,0,0,0,1,0,0,8,230,202,129,222,55,311,253,181,284
Michail,Antonio,WHU,MID,7,7.1,111,4.6,451097,146465,15.6,1767,10,4,3,30,0,0,0,3,0,0,8,284,553,377,1094,202,100,110,21,39
Joel,Matip,LIV,DEF,5.5,5.2,39,4.3,449190,499053,7.5,703,1,0,3,5,0,0,0,0,0,0,4,167,198,23,39,26,315,399,363,370
N'Golo,Kanté,CHE,MID,5,5,57,2.6,440747,731236,11.4,1730,3,0,3,25,0,0,0,4,0,0,2,294,423,425,214,106,175,89,186,138
Mason,Holgate,EVE,DEF,4.5,4.2,71,2.6,431946,332053,16.9,2052,0,4,5,34,0,0,0,5,0,0,6,412,465,64,152,68,145,324,236,240
Aymeric,Laporte,MCI,DEF,6.5,6.3,63,4.2,429604,714461,10,1096,1,0,8,5,0,0,0,1,0,0,0,298,247,62,79,39,276,328,309,334
Scott,McTominay,MUN,MID,5,4.8,74,2.7,428717,437366,15.4,1765,3,2,3,20,0,0,0,2,0,0,6,310,416,238,310,96,179,175,131,163
Craig,Cathcart,WAT,DEF,4.5,4.1,77,2.7,425912,493682,18.8,2488,0,0,9,37,0,0,0,7,0,0,3,441,458,35,57,55,150,368,339,283
Yerry,Mina,EVE,DEF,5.5,5.3,78,2.7,422843,457271,14.7,2281,2,1,5,37,1,0,0,3,0,0,8,419,535,87,422,104,115,289,90,140
David,Martin,WHU,GKP,4,3.9,20,4,422087,201480,5.1,435,0,0,2,6,0,0,0,1,0,15,2,86,112,0,0,11,369,486,453,420
Charlie,Taylor,BUR,DEF,4.5,4.3,84,3.5,418676,362627,19.5,1944,0,1,10,18,0,0,0,3,0,0,5,375,383,243,19,65,196,168,395,251
Allan,Saint-Maximin,NEW,MID,5.5,5.2,92,3.5,413236,327148,17.7,1860,3,5,8,22,0,0,0,0,0,0,7,321,434,423,542,140,169,91,66,81
Rúben Diogo,da Silva Neves,WOL,MID,5.5,5.2,97,2.6,410866,676439,18.7,3053,2,2,13,35,0,0,0,9,0,0,7,498,539,445,307,129,111,75,132,97
Wilfred,Ndidi,LEI,MID,5,5,85,2.7,407315,426519,17,2671,2,1,12,32,0,0,0,6,0,0,5,443,612,254,205,107,71,164,197,135
Jack,Stephens,SOT,DEF,4.5,4.4,85,3,407109,270121,19.3,2451,1,3,7,39,0,0,0,4,1,0,8,432,566,102,97,77,90,276,287,209
Gerard,Deulofeu,WAT,FWD,6.5,6.1,88,3.1,406787,679802,14.4,2097,4,5,8,33,0,0,0,3,0,0,9,330,458,602,896,195,149,33,32,41
Toby,Alderweireld,SPU,DEF,5.5,5.3,97,2.9,406664,589063,18.3,2957,2,2,7,39,1,0,0,7,0,0,6,576,774,196,182,115,33,201,213,117
Michael,McGovern,NOR,GKP,4,4.1,11,5.5,406119,397275,2.7,158,0,0,0,6,0,1,0,0,0,7,2,46,65,0,0,7,410,533,503,442
Wesley,Moraes,AVL,FWD,6,5.4,67,3.2,404124,439834,12.4,1782,5,1,6,31,0,0,1,3,0,0,7,180,296,170,632,108,244,222,54,130
Kepa,Arrizabalaga,CHE,GKP,5.5,5.4,90,2.7,393135,504287,16.7,2970,0,0,8,47,0,0,0,0,0,55,0,507,504,0,0,50,132,659,657,304
Benjamin,Mendy,MCI,DEF,6,5.5,74,3.9,390888,320067,13.5,1491,0,2,9,13,0,0,0,3,0,0,3,378,243,403,106,76,280,99,271,214
James,Ward-Prowse,SOT,MID,6,5.7,117,3.1,387859,344153,20.5,3420,5,4,9,60,0,0,2,9,0,0,8,587,865,990,548,241,20,9,65,21
Vicente,Guaita,CRY,GKP,5,4.9,137,3.9,385764,334103,28,3150,0,0,10,42,1,0,0,1,0,111,16,643,827,0,0,83,27,641,637,197
Olivier,Giroud,CHE,FWD,7,6.7,68,3.8,382265,338366,10.1,988,8,1,6,16,0,0,0,1,0,0,5,253,316,145,598,105,231,245,60,139
Troy,Deeney,WAT,FWD,6.5,6.2,109,4,378484,458663,17.6,2224,10,2,6,39,0,0,1,3,0,0,15,403,536,379,801,171,113,109,40,53
Jordan,Henderson,LIV,MID,5.5,5.2,116,3.9,377792,375563,22.3,2234,4,5,16,14,0,0,0,2,0,0,11,530,583,426,275,129,83,88,146,99
Winston,Reid,WHU,DEF,4,3.9,0,0,376884,471768,0,0,0,0,0,0,0,0,0,0,0,0,0,0,0,0,0,0,508,488,455,510
Lukasz,Fabianski,WHU,GKP,5,4.9,83,3.3,374061,567278,16.9,2117,0,0,5,34,0,1,0,1,0,72,5,414,531,0,0,53,116,639,635,292
Joel,Ward,CRY,DEF,4.5,4.3,77,2.7,368837,327428,17.9,2380,0,1,7,36,0,0,0,4,0,0,8,392,427,117,49,60,173,260,348,271
Aaron,Cresswell,WHU,DEF,5,4.5,79,2.5,368188,304920,17.6,2727,3,0,5,51,0,0,0,7,0,0,5,444,535,441,180,116,114,78,214,116
Steven,Bergwijn,SPU,MID,7.5,6.9,43,3.1,364933,314011,6.2,699,3,1,2,9,0,0,0,2,0,0,5,141,174,187,147,51,332,207,239,302
Jetro,Willems,NEW,DEF,4.5,4.3,64,3.4,363920,355182,14.9,1492,2,2,3,24,0,0,0,0,0,0,6,283,345,196,198,74,217,200,200,218
Abdoulaye,Doucouré,WAT,MID,6,5.4,113,3.1,361157,454787,20.9,3156,4,4,10,61,1,0,0,9,0,0,9,459,530,539,667,173,119,48,48,51
David,Luiz Moreira Marinho,ARS,DEF,6,5.7,94,2.8,352377,653363,16.5,2809,2,1,8,42,0,0,0,5,2,0,10,494,702,107,211,102,53,271,190,148
Grant,Hanley,NOR,DEF,4,4,23,1.5,351979,407051,5.8,1261,0,0,2,25,1,0,0,4,0,0,1,214,319,4,76,40,229,446,313,332
Georginio,Wijnaldum,LIV,MID,5.5,5.4,107,2.9,343928,393941,19.8,2933,4,0,12,28,0,0,0,0,0,0,5,503,453,344,423,122,153,119,89,108
Callum,Hudson-Odoi,CHE,MID,6,5.1,53,2.4,340834,334884,10.4,849,1,5,2,14,0,0,0,1,0,0,3,197,235,341,325,90,289,121,124,178
Matt,Targett,AVL,DEF,4.5,4.3,80,2.9,340828,346225,18.6,2291,1,3,5,40,0,0,0,4,0,0,10,433,504,433,130,107,131,83,248,136
Hugo,Lloris,SPU,GKP,5.5,5.3,98,4.7,339679,698713,18.5,1808,0,0,6,21,0,1,0,0,0,80,13,422,565,0,0,57,91,655,653,279
Edward,Nketiah,ARS,FWD,4.5,4.3,25,1.9,338091,333897,5.8,628,2,0,3,9,0,0,0,0,1,0,1,66,90,67,210,36,389,319,191,340
Max,Kilman,WOL,DEF,4,3.9,5,1.7,323739,241558,1.3,184,0,0,0,2,0,0,0,0,0,0,0,24,35,1,0,4,435,465,466,458
Issa,Diop,WHU,DEF,4.5,4.3,76,2.4,316509,402877,17.7,2765,3,1,4,54,0,0,0,8,0,0,3,424,610,64,210,89,72,323,192,182
Emiliano,Martínez,ARS,GKP,4.5,4.4,33,3.7,313870,59208,7.5,770,0,0,3,9,0,0,0,2,0,34,1,169,257,0,0,26,272,575,557,372
Japhet,Tanganga,SPU,DEF,4,3.9,17,2.8,313123,225861,4.4,525,0,0,2,7,0,0,0,1,0,0,0,100,134,17,20,17,354,408,390,402
Anwar,El Ghazi,AVL,MID,5.5,5.2,93,2.7,309053,298449,17.9,2046,4,5,5,48,0,0,0,3,0,0,0,281,383,482,655,152,195,60,51,65
Tim,Krul,NOR,GKP,4.5,4.6,109,3,299433,249432,23.7,3240,0,0,5,68,1,2,0,4,0,131,10,668,1063,0,0,106,2,626,615,137
Chris,Basham,SHU,DEF,4.5,4.6,123,3.2,297917,164553,26.7,3242,0,1,13,37,0,0,0,4,0,0,6,639,708,212,103,103,52,192,274,145
Tom,Heaton,AVL,GKP,4.5,4.3,59,3,295459,568403,13.7,1794,0,0,4,35,1,0,0,0,0,67,3,346,507,0,0,51,129,478,534,303
Mark,Noble,WHU,MID,5,4.9,105,3.2,292607,259479,21.4,2675,4,4,7,44,0,0,0,5,0,0,8,504,542,602,164,131,110,34,228,94
Jonjo,Shelvey,NEW,MID,5,4.9,105,4,291742,257640,21.4,2118,6,2,8,34,0,0,0,3,0,0,15,437,559,597,344,150,94,35,114,67
Maarten,Stekelenburg,EVE,GKP,4,3.9,0,0,276623,321852,0,0,0,0,0,0,0,0,0,0,0,0,0,0,0,0,0,0,506,484,451,508
Connor,Wickham,CRY,FWD,4.5,4.3,15,2.5,273122,496857,3.5,90,1,1,0,2,0,0,0,0,0,0,2,48,60,35,64,16,414,369,330,406
Manuel,Lanzini,WHU,MID,6.5,6.1,50,2.1,270283,320272,8.2,1370,0,3,2,30,0,0,0,1,0,0,3,234,219,465,281,97,304,66,143,162
Martin,Dubravka,NEW,GKP,5,5.1,143,3.8,268705,219478,28,3420,0,0,11,58,0,0,0,0,0,139,7,719,1019,0,0,102,6,649,645,149
Angus,Gunn,SOT,GKP,4.5,4.2,29,2.9,263220,260322,6.9,900,0,0,2,25,0,0,0,0,0,30,3,166,219,0,0,22,303,550,524,386
Conor,Coady,WOL,DEF,5,5.1,118,3.1,262147,198272,23.1,3420,0,0,13,40,0,0,0,5,0,0,7,648,556,69,0,62,97,314,646,259
Jonathan,Castro Otto,WOL,DEF,5.5,5.5,123,3.5,260112,169698,22.4,2885,2,3,11,35,0,0,0,4,0,0,6,537,544,379,299,122,109,108,133,107
Rodrigo,Hernandez,MCI,MID,5.5,5.3,92,2.6,254768,289071,17.4,2480,3,2,14,27,0,0,0,8,0,0,5,516,599,533,193,132,78,50,202,93
Dwight,McNeil,BUR,MID,6,6,123,3.2,254514,217980,20.5,3339,2,7,16,48,0,0,0,5,0,0,6,529,644,931,430,201,62,11,87,40
Robert,Snodgrass,WHU,MID,5.5,5,87,3.6,252671,236396,17.4,1504,5,5,3,33,0,0,0,4,0,0,8,312,422,552,320,130,177,43,127,96
Shane,Long,SOT,FWD,5,4.6,62,2.4,251542,464269,13.5,1386,2,3,5,20,0,0,0,0,0,0,4,159,191,265,536,99,318,159,68,155
Djibril,Sidibé,EVE,DEF,5.5,5,74,3,248665,232610,14.8,1818,0,4,5,30,0,0,0,3,0,0,10,386,463,342,121,93,146,120,261,169
Mesut,Özil,ARS,MID,7.5,6.9,53,2.9,246324,307866,7.7,1439,1,3,5,20,0,0,0,1,0,0,1,256,224,583,190,100,300,39,205,153
Moussa,Sissoko,SPU,MID,5,4.8,69,2.4,236174,303943,14.4,2451,2,1,7,31,0,0,0,8,0,0,0,386,346,276,189,81,216,152,207,200
Daryl,Janmaat,WAT,DEF,4.5,4,36,4.5,224488,236098,9,606,0,1,4,5,1,0,0,1,0,0,7,148,116,108,46,27,367,269,354,367
Emiliano,Buendía,NOR,MID,6,6,94,2.6,224010,232493,15.7,2458,1,7,3,54,0,0,0,6,1,0,12,464,712,1197,401,231,51,6,98,25
Mahmoud Ahmed,Ibrahim Hassan,AVL,MID,5.5,5.2,98,2.9,223461,306675,18.8,1936,6,2,6,29,0,0,0,2,1,0,7,270,422,304,741,146,176,136,45,74
José,Reina,AVL,GKP,4.5,4.2,41,3.4,218605,138234,9.8,1080,0,0,2,20,0,1,0,1,0,33,4,203,289,10,0,30,248,428,505,358
Michael,Keane,EVE,DEF,5.5,5.2,90,2.9,206620,261203,17.3,2556,2,0,7,42,1,0,0,3,0,0,9,490,666,80,204,95,57,296,198,165
Héctor,Bellerín,ARS,DEF,5.5,5.2,44,2.9,206616,159819,8.5,1156,1,0,4,18,0,0,0,2,0,0,4,204,188,77,103,37,322,301,275,339
Bernard,Anício Caldeira Duarte,EVE,MID,6.5,6.4,72,2.7,204451,223423,11.2,1269,3,2,9,12,0,0,0,2,0,0,6,237,315,349,236,90,232,116,171,180
Oriol,Romeu Vidal,SOT,MID,4.5,4.3,51,1.7,203692,199988,11.9,1855,0,0,5,38,0,0,0,5,0,0,1,301,333,273,69,68,223,155,322,244
Dale,Stephens,BHA,MID,4.5,4.4,63,1.9,196732,297042,14.3,2525,0,1,6,42,0,0,0,8,0,0,1,406,439,293,90,82,163,145,295,199
Ben,Johnson,WHU,DEF,4,4,6,2,195708,147610,1.5,270,0,0,0,3,0,0,0,0,0,0,0,32,48,25,1,7,422,395,450,436
Joelinton Cássio,Apolinário de Lira,NEW,FWD,6,5.5,78,2.1,193086,292686,14.2,2678,2,2,9,46,0,0,0,7,0,0,3,236,331,433,641,141,225,82,52,80
Kurt,Zouma,CHE,DEF,5,4.7,62,2.2,190033,295535,13.2,2343,0,0,7,37,1,0,0,6,0,0,2,432,518,40,162,72,125,359,229,224
Felipe Anderson,Pereira Gomes,WHU,MID,7,6.6,66,2.6,186288,571708,10,1493,1,4,7,27,0,0,0,1,0,0,1,299,377,415,355,115,198,95,108,120
Angelo,Ogbonna,WHU,DEF,4.5,4.5,81,2.6,185941,154903,18,2786,2,0,7,44,1,0,0,4,0,0,0,453,579,38,168,78,84,363,226,204
Ben,Mee,BUR,DEF,5,4.9,110,3.4,182230,188924,22.4,2880,1,2,13,45,0,0,0,7,0,0,6,549,659,106,362,113,59,272,106,122
Sokratis,Papastathopoulos,ARS,DEF,5,4.8,57,3,182201,231413,11.9,1696,2,0,4,25,0,0,0,6,0,0,5,305,436,37,110,59,166,365,266,275
Emerson,Palmieri dos Santos,CHE,DEF,5.5,5.4,19,1.3,181772,235101,3.5,1022,0,0,1,21,0,0,0,3,0,0,0,181,208,299,225,73,308,139,178,220
Phil,Bardsley,BUR,DEF,4.5,4.4,78,3.7,180668,36074,17.7,1890,0,2,9,19,0,0,0,6,0,0,6,358,351,164,109,63,212,225,269,258
Gary,Cahill,CRY,DEF,4.5,4.3,70,2.8,180390,246334,16.3,2167,0,1,7,35,0,0,0,1,0,0,4,395,448,40,342,83,158,360,116,193
Reece,James,CHE,DEF,5,4.9,61,2.5,179840,131953,12.4,1510,0,2,5,23,0,0,0,1,0,0,5,373,344,429,143,92,219,85,241,171
Ben,Gibson,BUR,DEF,4,3.9,0,0,164323,238327,0,0,0,0,0,0,0,0,0,0,0,0,0,0,0,0,0,0,510,490,457,512
Ross,Barkley,CHE,MID,6,5.6,61,2.9,163615,522348,10.9,1095,1,5,5,14,0,0,0,0,0,0,5,208,266,344,373,98,267,118,103,158
Declan,Rice,WHU,MID,5,4.7,105,2.8,161366,216955,22.3,3420,1,5,7,62,0,0,0,6,0,0,8,616,716,351,259,133,49,115,158,92
Florin,Andone,BHA,FWD,5,4.7,5,1.7,160457,197685,1.1,71,1,0,0,2,0,0,0,0,1,0,1,20,45,11,21,8,429,422,389,435
Fabian,SchÃ¤r,NEW,DEF,5,5,55,2.5,159865,216510,11,1669,2,1,4,38,0,0,0,5,0,0,2,297,441,58,179,68,160,332,215,242
Fabio Henrique,Tavares,LIV,MID,5.5,5.4,77,2.8,157198,174666,14.3,2073,2,3,6,26,0,0,0,6,0,0,8,403,432,322,85,84,170,130,298,191
Jan,Bednarek,SOT,DEF,4.5,4.4,84,2.5,156585,119330,19.1,3057,1,1,7,57,1,0,0,4,0,0,5,539,730,46,95,88,46,351,290,186
Ryan,Fraser,BOU,MID,7.5,6.8,73,2.6,156067,1151657,10.7,2061,1,5,4,34,0,0,0,2,0,0,2,305,356,627,440,142,206,30,84,78
Gylfi,Sigurdsson,EVE,MID,8,7.3,95,2.7,155232,839021,13,2555,2,4,6,45,0,0,0,3,0,0,7,397,455,765,484,171,152,22,77,54
Hamza,Choudhury,LEI,MID,4.5,4.2,35,1.8,152394,154335,8.3,883,1,1,3,12,0,0,0,2,1,0,0,153,178,70,83,33,327,312,300,350
Francisco,Femenía Far,WAT,DEF,4.5,4.2,54,1.9,152253,143716,12.9,2236,0,1,5,46,0,0,0,5,0,0,0,366,363,321,58,74,202,132,336,216
Kieran,Tierney,ARS,DEF,5.5,5.3,42,2.8,152178,129342,7.9,986,1,2,2,16,0,0,0,2,0,0,4,213,202,121,73,40,312,258,317,333
Leandro,Trossard,BHA,MID,6,5.8,104,3.4,150143,165710,17.9,2004,5,5,4,34,0,0,0,0,0,0,9,352,411,585,540,153,182,38,67,64
Ryan,Fredericks,WHU,DEF,4.5,4.4,74,2.7,149353,149738,16.8,2235,0,3,7,39,0,0,0,7,0,0,7,423,491,334,76,91,139,125,314,174
Nathan,Redmond,SOT,MID,6.5,6.2,107,3.3,145138,220893,17.3,2763,4,4,7,51,0,0,0,2,0,0,8,412,517,539,752,181,126,47,42,46
Christian,Eriksen,SPU,MID,9,8.6,48,2.4,143255,455757,5.6,1090,2,2,1,18,0,0,0,5,0,0,6,205,262,349,225,83,271,117,179,195
Pedro,Rodríguez Ledesma,CHE,MID,7,6.8,32,2.9,141555,283380,4.7,659,1,2,2,12,0,0,0,1,0,0,1,127,161,227,349,74,340,183,111,219
Miguel,Almirón,NEW,MID,6,5.8,109,3,141225,146397,18.8,3020,4,2,12,48,0,0,0,5,0,0,5,356,482,450,750,168,142,71,44,55
Ilkay,Gündogan,MCI,MID,5.5,5.1,65,2.1,141212,258927,12.7,2012,2,1,7,28,0,0,1,7,0,0,4,382,408,592,374,138,183,36,102,84
Calum,Chambers,ARS,DEF,4.5,4.3,42,3,140667,173873,9.8,1102,1,1,3,15,0,0,0,5,0,0,5,197,272,114,203,59,261,262,199,274
Ashley,Westwood,BUR,MID,5.5,5.5,118,3.4,140007,136532,21.5,3150,2,7,15,39,0,0,0,9,0,0,11,567,597,814,135,155,80,16,245,62
Stuart,Armstrong,SOT,MID,5.5,5.2,98,3.3,139604,77343,18.8,1706,5,4,7,25,0,0,0,4,0,0,10,301,418,275,431,112,178,153,86,124
Alex,Iwobi,EVE,MID,6,5.6,52,2.1,137751,244735,9.3,1591,1,0,4,30,0,0,0,0,0,0,2,227,246,384,329,96,278,105,122,164
Tariq,Lamptey,BHA,DEF,4,4.1,26,2.9,137512,26591,6.3,619,0,1,3,8,0,0,0,2,0,0,0,136,92,82,27,20,387,294,376,394
Jan,Vertonghen,SPU,DEF,5.5,5.2,62,2.7,137334,275712,11.9,1644,1,1,4,24,0,0,0,2,0,0,5,346,398,56,63,52,186,336,331,296
Alex,Oxlade-Chamberlain,LIV,MID,6.5,6.1,76,2.5,137110,142016,12.5,1475,4,1,8,12,1,0,0,1,0,0,2,268,300,298,406,100,242,141,96,152
João Pedro Cavaco,Cancelo,MCI,DEF,5.5,5.1,45,2.6,135300,189861,8.8,1205,0,0,5,11,0,0,0,4,0,0,3,299,265,288,141,69,269,148,242,235
Mateo,Kovacic,CHE,MID,5.5,5.3,68,2.2,134641,168094,12.8,2065,1,3,4,37,0,0,0,8,0,0,6,461,497,459,186,114,136,68,209,121
Oliver,Norwood,SHU,MID,5,4.7,98,2.6,134571,114636,20.9,3089,1,3,13,36,0,0,0,8,0,0,6,563,608,809,100,152,74,18,282,66
Richard,Stearman,SHU,DEF,4,3.9,0,0,134495,196153,0,0,0,0,0,0,0,0,0,0,0,0,0,0,0,0,0,0,507,485,452,509
Mohamed,Elneny,ARS,MID,4.5,4.2,0,0,131138,132596,0,0,0,0,0,0,0,0,0,0,0,0,0,0,0,0,0,0,567,551,525,569
Matt,Ritchie,NEW,DEF,5.5,5.3,74,4.1,130360,102921,14,1312,2,1,8,19,0,0,1,4,0,0,7,293,285,483,218,99,252,59,185,157
Seamus,Coleman,EVE,DEF,5.5,5.3,55,2,129705,274884,10.4,1833,0,1,5,29,0,0,0,3,1,0,2,325,321,149,175,65,228,240,220,254
Mbwana,Samatta,AVL,FWD,6,5.1,29,2.1,129691,115142,5.7,940,1,0,4,18,0,0,0,1,0,0,2,74,68,132,245,44,408,249,166,321
Marvelous,Nakamba,AVL,MID,4.5,4.4,43,1.5,128880,115172,9.8,1826,0,0,1,37,0,0,0,5,0,0,0,273,292,163,24,48,247,228,384,312
Andreas,Pereira,MUN,MID,5,4.7,60,2.4,128659,136510,12.8,1478,1,3,6,16,0,0,0,3,0,0,1,198,246,432,343,102,279,84,115,146
Adam,Webster,BHA,DEF,4.5,4.4,88,2.8,126996,101981,20,2668,3,1,5,44,1,0,0,4,0,0,7,514,697,153,221,107,54,235,182,134
Kyle,Walker-Peters,SOT,DEF,5,4.4,32,2.5,124026,314020,7.3,944,0,1,2,12,0,0,0,1,0,0,2,194,168,109,48,32,335,267,351,352
Danny,Rose,NEW,DEF,5.5,5.3,47,2,123385,230910,8.9,1753,0,0,5,28,0,0,0,7,0,0,0,290,288,231,44,57,249,181,357,280
Maximillian,Aarons,NOR,DEF,4.5,4.2,66,1.8,122237,216612,15.7,3240,0,2,5,71,0,0,0,7,0,0,3,489,567,385,237,119,88,104,170,112
Kayne,Ramsay,SOT,DEF,4,3.9,0,0,122150,134608,0,0,0,0,0,0,0,0,0,0,0,0,0,0,0,0,0,0,522,502,471,524
Jay,Rodriguez,BUR,FWD,6,5.7,100,2.8,121332,81410,17.5,2002,8,2,7,34,0,0,0,1,0,0,9,282,431,135,827,138,171,247,39,83
Matthew,Lowton,BUR,DEF,4.5,4.2,48,2.8,120253,125868,11.4,1530,0,1,6,31,0,0,0,2,0,0,1,270,294,182,15,49,246,217,407,307
James,McCarthy,CRY,MID,4.5,4.2,41,1.2,118150,106549,9.8,1668,0,0,2,29,0,0,0,9,0,0,0,205,269,268,80,62,265,157,306,264
Aaron,Mooy,BHA,MID,5,4.7,80,2.6,116751,108360,17,2079,2,2,6,33,0,0,0,1,1,0,9,337,437,615,291,134,165,31,138,87
Pascal,Groß,BHA,MID,6.5,6.2,76,2.6,115179,142704,12.3,1791,2,5,3,32,1,0,0,4,0,0,7,326,388,909,323,162,192,12,126,58
Jack,Robinson,SHU,DEF,4,4,14,2.3,114507,51695,3.5,504,0,0,1,11,0,0,0,0,0,0,2,87,107,30,2,14,377,375,441,410
Ahmed,El Mohamady,AVL,DEF,4.5,4.1,39,2.2,113346,177996,9.5,1024,1,1,2,28,0,0,0,1,0,0,7,224,255,324,67,65,273,127,324,253
John,Stones,MCI,DEF,5.5,5.3,34,2.1,110733,282236,6.4,1118,0,0,3,16,0,0,0,0,0,0,0,231,216,53,66,34,307,343,325,349
Odion,Ighalo,MUN,FWD,6.5,5.9,11,1,110175,91583,1.9,92,0,0,0,0,0,0,0,0,0,0,0,24,23,24,135,18,447,398,246,398
Arthur,Masuaku,WHU,DEF,4.5,4.1,26,1.5,109481,114026,6.3,930,0,1,2,18,0,0,0,4,1,0,3,166,241,129,53,42,281,254,344,328
Oliver,McBurnie,SHU,FWD,6,5.5,86,2.4,107360,89856,15.6,2105,6,1,9,25,0,0,0,4,0,0,6,300,424,187,830,144,174,208,38,75
Victor,Lindelöf,MUN,DEF,5.5,5.3,116,3.3,106623,135908,21.9,3092,1,0,12,32,1,0,0,6,0,0,9,618,554,74,79,71,99,305,308,230
Frédéric,Guilbert,AVL,DEF,4.5,4.3,62,2.5,105536,118783,14.4,2038,0,2,6,36,0,0,0,7,0,0,4,342,451,242,77,77,154,171,311,206
Martín,Montoya,BHA,DEF,4.5,4.3,62,2.3,104271,120056,14.4,1892,0,1,6,32,0,0,0,5,0,0,3,313,337,338,177,86,220,123,217,187
Bjorn,Engels,AVL,DEF,4.5,4.3,42,2.5,103846,99993,9.8,1446,1,0,3,32,0,0,0,1,0,0,4,252,330,32,81,45,226,373,304,319
Nampalys,Mendy,LEI,MID,4.5,4.3,11,1.6,102446,123565,2.6,288,0,0,1,3,0,0,0,0,0,0,0,71,57,52,9,12,418,344,418,418
Ezequiel,Schelotto,BHA,DEF,4,3.9,9,1.2,102165,66213,2.3,357,0,0,0,7,0,0,0,2,0,0,0,40,38,13,65,11,431,417,327,419
Ryan,Bertrand,SOT,DEF,5,4.8,75,2.3,100271,103024,15.6,2742,1,1,7,52,0,0,0,3,1,0,0,432,437,539,234,121,164,49,174,110
Lucas,Torreira,ARS,MID,5,4.7,46,1.6,100266,181492,9.8,1501,1,1,3,23,0,0,0,7,0,0,0,247,282,207,207,70,254,194,195,234
Billy,Sharp,SHU,FWD,6,5.2,57,2.3,100213,138062,11,1037,3,2,4,10,0,0,0,1,1,0,9,159,175,186,348,70,330,210,113,233
Eric,Garcia,MCI,DEF,4.5,4.5,38,2.9,99409,28635,8.4,790,0,0,5,7,0,0,0,1,0,0,0,189,153,42,26,22,346,356,378,385
Tahith,Chong,MUN,MID,4.5,4.2,3,1,99203,94600,0.7,34,0,0,0,0,0,0,0,0,0,0,0,6,1,1,6,1,498,467,430,497
Michy,Batshuayi,CHE,FWD,7,6.6,28,1.8,98087,136050,4.2,224,1,2,0,8,0,0,0,0,0,0,1,59,62,43,185,28,412,355,211,363
Chris,Mepham,BOU,DEF,4.5,4.3,27,2.2,95145,124466,6.3,911,1,0,1,19,0,0,0,1,0,0,2,165,277,21,138,44,258,404,244,325
Davy,Pröpper,BHA,MID,5,4.8,78,2.2,93813,99021,16.2,2826,1,2,6,46,1,0,0,4,0,0,2,441,522,434,271,123,123,81,150,106
Kelechi,Iheanacho,LEI,FWD,6,5.7,64,3.2,93588,93154,11.2,953,5,4,3,9,0,0,0,1,0,0,7,204,288,204,603,109,250,195,59,127
Andreas,Christensen,CHE,DEF,5,4.8,34,1.6,92965,122993,7.1,1751,0,0,3,33,0,0,0,5,0,0,0,325,354,71,96,52,208,311,289,295
Christian,Kabasele,WAT,DEF,4.5,4.3,73,2.7,91716,77584,17,2250,0,2,7,35,0,0,0,1,2,0,4,382,477,55,164,70,143,339,227,232
Moise,Kean,EVE,FWD,7,6.3,53,1.8,90777,458734,8.4,830,2,2,1,15,0,0,0,1,0,0,5,138,154,137,429,71,345,246,88,228
Alexandre Nascimento,Costa Silva,WHU,FWD,4.5,4.3,0,0,90312,175663,0,0,0,0,0,0,0,0,0,0,0,0,0,0,0,0,0,0,581,568,547,583
Troy,Parrott,SPU,FWD,4.5,4.3,2,1,90241,107260,0.5,6,0,0,0,0,0,0,0,0,0,0,0,6,0,0,0,0,503,482,553,588
James,Tomkins,CRY,DEF,5,4.9,48,2.7,88428,81565,9.8,1582,1,1,3,23,0,0,0,5,0,0,4,260,384,28,121,53,194,389,260,290
Javier,Hernández Balcázar,WHU,FWD,6,6,9,4.5,87265,142695,1.5,106,1,0,0,4,0,0,0,0,0,0,2,27,36,2,39,8,434,452,364,434
Rhian,Brewster,LIV,FWD,4.5,4.2,0,0,83506,98659,0,0,0,0,0,0,0,0,0,0,0,0,0,0,0,0,0,0,570,554,528,572
Granit,Xhaka,ARS,MID,5.5,5.1,73,2.4,82616,138134,14.3,2586,1,2,10,31,0,0,0,10,0,0,2,408,486,299,110,90,140,140,267,177
Luke,Shaw,MUN,DEF,5.5,5.4,67,2.8,81639,168942,12.4,1730,0,0,8,15,0,0,0,7,0,0,2,381,344,321,187,85,218,131,208,188
Johann Berg,Gudmundsson,BUR,MID,6,5.9,30,2.5,80810,117200,5.1,617,1,1,3,7,0,0,0,0,0,0,1,98,119,215,108,44,365,188,270,323
James,Justin,LEI,DEF,5,4.7,35,2.7,80152,47932,7.4,1010,0,1,4,14,1,0,0,1,0,0,0,196,241,195,61,50,282,202,334,305
Antonio,Rüdiger,CHE,DEF,6,5.9,63,3.1,77064,61790,10.7,1710,2,0,5,24,1,0,0,3,0,0,5,351,389,93,194,68,191,284,201,243
Luka,Milivojevic,CRY,MID,7,6.7,81,2.6,75590,462256,12.1,2510,3,1,7,38,0,0,0,12,0,0,9,382,460,499,190,115,147,55,204,119
Sebastian,Prödl,WAT,DEF,4,3.9,1,1,71138,125821,0.3,56,0,0,0,0,0,0,0,0,0,0,0,3,2,0,8,1,496,480,421,490
Henri,Lansbury,AVL,MID,4.5,4.4,12,1.2,69556,68310,2.7,190,0,0,0,6,0,0,0,0,0,0,0,37,13,27,13,6,462,390,408,449
Dwight,Gayle,NEW,FWD,5,5,58,2.9,69528,37964,11.6,842,4,2,4,15,0,0,0,2,0,0,10,190,217,86,348,65,305,290,112,252
Sam,Surridge,BOU,FWD,4.5,4.3,4,1,69178,95449,0.9,25,0,0,0,2,0,0,0,0,0,0,0,3,3,11,24,3,488,424,383,462
Ciaran,Clark,NEW,DEF,4.5,4.3,49,3.5,67706,71888,11.4,1186,2,0,4,14,0,0,0,3,0,0,2,216,331,15,128,48,224,414,252,314
Luke,Thomas,LEI,DEF,4,4,15,5,67013,6023,3.8,267,0,1,1,4,0,0,0,0,0,0,3,70,78,150,10,24,398,239,416,378
Roberto,Jimenez Gago,WHU,GKP,4.5,4.4,18,2.2,66439,74451,4.1,686,0,0,0,17,1,0,0,0,0,36,1,134,239,0,0,24,284,574,555,379
Adam,Smith,BOU,DEF,4.5,4.3,49,2,66379,142204,11.4,2055,0,1,4,40,0,0,0,7,0,0,3,309,310,183,97,59,235,214,286,273
Sead,Kolasinac,ARS,DEF,5.5,5.2,55,2.1,65194,134275,10.6,1694,0,2,4,26,0,0,0,4,0,0,1,331,270,183,81,53,264,215,305,293
Will,Hughes,WAT,MID,5.5,5.3,62,2.1,64913,71844,11.7,2249,1,1,5,46,0,0,0,9,0,0,3,265,352,413,270,104,210,97,151,144
Jesse,Lingard,MUN,MID,6.5,6.3,32,1.5,64075,129253,5.1,923,1,0,1,14,0,0,0,3,0,0,0,99,109,278,297,68,375,151,135,241
Andy,King,LEI,MID,4.5,4.2,0,0,63734,84188,0,0,0,0,0,0,0,0,0,0,0,0,0,0,0,0,0,0,553,536,508,555
Davinson,Sánchez,SPU,DEF,5.5,5.3,64,2.2,62815,92382,12.1,2431,0,2,4,37,0,0,0,6,0,0,4,443,550,31,82,67,104,374,302,245
Naby,Keita,LIV,MID,6,5.8,52,2.9,60645,78659,9,806,2,3,5,8,0,0,0,1,0,0,3,224,282,235,169,69,255,179,225,238
Oliver,Skipp,SPU,MID,4.5,4.2,7,1,59396,60759,1.7,74,0,0,0,1,0,0,0,0,0,0,0,23,15,2,0,2,459,460,530,479
David,McGoldrick,SHU,FWD,5.5,5.4,65,2.3,58707,59249,12,1810,2,2,7,18,0,0,0,2,0,0,6,201,303,268,584,115,238,156,62,118
Glenn,Murray,BHA,FWD,6,5.4,36,1.6,57591,231639,6.7,785,1,1,2,10,0,0,0,0,0,0,0,74,74,57,249,38,403,333,162,336
Philip,Heise,NOR,DEF,4,3.9,0,0,57433,69685,0,0,0,0,0,0,0,0,0,0,0,0,0,0,0,0,0,0,511,491,459,513
Alexander,Tettey,NOR,MID,4.5,4.4,67,2.2,55603,51452,15.2,2339,1,1,5,44,0,0,0,5,0,0,3,404,358,117,173,65,204,261,222,250
Shane,Duffy,BHA,DEF,5,4.8,44,2.3,55574,182437,9.2,1232,1,0,3,18,0,0,0,2,0,0,1,227,288,30,100,42,251,380,283,329
Pierre-Emile,Højbjerg,SOT,MID,5,4.8,75,2.3,54962,86631,15.6,2750,0,3,7,51,0,0,0,5,0,0,1,412,493,469,368,133,138,65,105,90
Billy,Gilmour,CHE,MID,4.5,4.1,9,1.5,54932,37246,2.2,191,0,0,1,3,0,0,0,0,0,0,0,41,31,55,5,9,439,338,436,428
Tom,Trybull,NOR,MID,4.5,4.3,28,1.8,54725,82038,6.5,1128,0,0,2,25,0,0,0,2,0,0,0,172,198,55,92,35,314,337,292,347
Ørjan,Nyland,AVL,GKP,4.5,4.3,15,2.1,53781,44171,3.5,537,0,0,1,12,0,0,0,0,0,15,0,90,101,0,0,10,383,564,542,422
Dejan,Lovren,LIV,DEF,5.5,5.3,18,1.8,53506,66054,3.4,776,0,1,0,11,0,0,0,1,0,0,0,147,197,28,72,30,316,387,320,360
Andros,Townsend,CRY,MID,6,5.6,48,2,53131,225257,8.6,1284,1,1,3,23,0,0,0,0,0,0,0,221,246,247,122,62,277,167,258,266
Marc,Navarro,WAT,DEF,4,3.9,0,0,53044,45057,0,0,0,0,0,0,0,0,0,0,0,0,0,0,0,0,0,0,518,498,467,520
Fernando,Luiz Rosa,MCI,MID,5.5,5.1,55,1.8,52286,96862,10.8,2394,0,1,10,27,1,0,0,7,2,0,1,401,558,146,175,88,95,244,219,184
Carlos,Sánchez,WHU,MID,4.5,4.3,7,1.2,51377,54796,1.6,112,0,0,0,2,0,0,0,0,0,0,0,20,8,4,0,1,470,445,535,489
Adam,Masina,WAT,DEF,4.5,4.3,66,2.5,50760,34320,15.3,1815,1,0,6,31,0,0,0,3,0,0,4,281,351,201,109,66,211,198,268,246
Dan,Burn,BHA,DEF,4.5,4.5,86,2.5,50645,40985,19.1,2879,0,0,9,42,0,0,0,5,0,0,3,480,603,312,128,104,76,135,253,141
Stephen,Henderson,CRY,GKP,4,4,0,0,50365,28886,0,0,0,0,0,0,0,0,0,0,0,0,0,0,0,0,0,0,526,507,476,528
Callum,Robinson,SHU,MID,5.5,4.9,33,2.1,49974,98126,6.7,669,1,2,2,6,0,0,0,1,0,0,1,73,80,73,156,30,397,308,232,356
James,McArthur,CRY,MID,5.5,5.2,92,2.5,49799,128082,17.7,3091,0,4,11,38,0,0,0,6,0,0,2,420,587,487,421,150,82,57,91,69
Will,Norris,WOL,GKP,4,3.9,0,0,49551,58275,0,0,0,0,0,0,0,0,0,0,0,0,0,0,0,0,0,0,513,493,461,515
Matthew,Longstaff,NEW,MID,4.5,4.5,27,3,49480,42719,6,572,2,0,1,11,0,0,0,1,0,0,2,104,103,52,49,20,382,345,349,393
Alfie,Whiteman,SPU,GKP,4,4,0,0,46715,27391,0,0,0,0,0,0,0,0,0,0,0,0,0,0,0,0,0,0,531,513,482,533
Etienne,Capoue,WAT,MID,5,4.8,78,2.6,45067,84977,16.2,2627,0,4,8,48,0,0,0,8,0,0,7,394,483,314,102,90,141,134,277,176
Christian,Benteke,CRY,FWD,6,5.7,42,1.8,45012,89535,7.4,1252,2,1,5,18,0,0,0,4,1,0,1,133,232,248,632,111,292,166,55,126
Andre,Gray,WAT,FWD,6,5.5,39,1.7,44672,78847,7.1,741,2,1,0,17,0,0,0,1,0,0,2,117,106,130,287,51,379,252,139,299
James,Milner,LIV,MID,5.5,5.3,49,2.2,44519,80276,9.2,924,2,2,4,9,0,0,0,4,0,0,3,198,237,177,100,51,287,219,284,298
Steve,Cook,BOU,DEF,5,5,52,1.8,44223,51015,10.4,2427,1,0,3,48,0,0,0,6,1,0,5,362,557,52,159,77,96,347,230,207
Neco,Williams,LIV,DEF,4,4,14,2.3,42749,17123,3.5,228,0,0,1,2,0,0,0,1,0,0,3,53,49,53,98,20,420,341,285,396
Che,Adams,SOT,FWD,6,5.3,78,2.6,42613,98754,14.7,1095,4,4,4,17,0,0,0,0,0,0,8,242,226,185,524,92,295,212,71,170
Keinan,Davis,AVL,MID,4.5,4.2,25,1.4,42392,47567,6,534,0,1,1,7,0,0,0,0,0,0,0,43,28,72,212,30,444,310,187,359
Dominic,Solanke,BOU,FWD,5.5,5.1,69,2.2,42272,57460,13.5,1637,3,2,1,39,0,0,0,1,0,0,3,177,223,203,569,99,301,197,64,156
Pablo,Fornals,WHU,MID,6.5,6,93,2.6,42217,82515,15.5,2167,2,6,6,35,0,0,0,3,0,0,4,346,350,360,381,109,213,113,100,128
Jamal,Lewis,NOR,DEF,4.5,4.4,48,1.7,42120,46015,10.9,2301,1,0,3,56,0,0,0,4,0,0,3,384,439,262,130,83,161,161,249,194
Frederick,Woodman,NEW,GKP,4,3.9,0,0,42084,55488,0,0,0,0,0,0,0,0,0,0,0,0,0,0,0,0,0,0,512,492,460,514
Tomas,Soucek,WHU,MID,5,4.8,41,3.2,41807,10078,8.5,1039,3,0,1,18,1,0,0,0,0,0,3,155,254,73,293,62,274,307,136,262
Cédric,Soares,ARS,DEF,5,4.8,61,2.9,41000,41620,12.7,1553,1,1,4,20,0,0,0,1,0,0,3,286,349,219,118,69,214,186,265,237
Frederico,Rodrigues de Paula Santos,MUN,MID,5.5,5.1,50,1.7,40736,40860,9.8,2157,0,0,6,26,0,0,0,8,0,0,0,358,431,543,260,124,172,46,157,105
Wes,Morgan,LEI,DEF,4.5,4.1,19,1.7,40499,96471,4.6,430,0,0,1,6,0,0,0,0,0,0,2,87,86,2,58,15,392,453,335,409
Fabián,Balbuena,WHU,DEF,4.5,4.3,40,2.4,40446,53019,9.3,1176,1,0,3,24,0,0,0,2,0,0,3,210,268,19,149,44,266,405,237,326
Pedro,Lomba Neto,WOL,MID,5,4.9,57,2,40430,33972,11.6,920,3,3,1,12,0,0,0,3,0,0,0,194,228,232,260,72,293,180,156,223
Giovani,Lo Celso,SPU,MID,7.5,7.3,54,1.9,39400,63222,7.4,1482,0,3,6,18,0,0,0,6,0,0,3,250,303,459,176,94,239,67,218,166
Morgan,Schneiderlin,EVE,MID,4.5,4.4,18,1.2,39095,89283,4.1,998,0,0,1,20,0,0,0,4,1,0,0,132,143,79,32,26,352,299,371,373
Solomon,March,BHA,MID,5,4.6,38,2,38554,61586,8.3,1139,0,1,4,15,0,0,0,2,0,0,3,129,189,240,274,70,320,174,147,231
Craig,Dawson,WAT,DEF,5,4.8,61,2.1,38534,37004,12.7,2359,2,0,4,49,0,0,0,6,0,0,2,353,551,68,403,102,103,317,97,147
Roberto,Pereyra,WAT,MID,6,5.6,60,2.1,38369,252494,10.7,1641,3,0,5,27,0,0,0,4,0,0,0,194,238,293,350,88,286,143,109,183
Jarrod,Bowen,WHU,MID,6.5,6.4,44,3.4,37556,23103,6.9,916,1,4,1,13,0,0,0,0,0,0,3,173,221,235,342,80,302,178,118,201
Javier,Manquillo,NEW,DEF,4.5,4.3,65,3.1,37297,34910,15.1,1597,0,1,8,21,0,0,0,5,0,0,4,288,232,101,40,37,290,278,361,338
Daniel,Amartey,LEI,MID,4.5,4.2,0,0,37069,45941,0,0,0,0,0,0,0,0,0,0,0,0,0,0,0,0,0,0,568,552,526,570
Beram,Kayal,BHA,MID,4.5,4.2,0,0,36774,35201,0,0,0,0,0,0,0,0,0,0,0,0,0,0,0,0,0,0,557,541,513,559
Cheikhou,Kouyaté,CRY,MID,5,4.8,85,2.4,35726,36164,17.7,2524,1,2,10,36,0,0,0,4,0,0,4,288,395,162,279,84,188,229,144,192
Sam,Woods,CRY,DEF,4,3.9,0,0,35233,14548,0,0,0,0,0,0,0,0,0,0,0,0,0,0,0,0,0,0,519,499,468,521
Darren,Randolph,WHU,GKP,4.5,3.9,3,1.5,35113,20201,0.8,180,0,0,0,5,0,0,0,0,0,6,0,27,50,0,0,5,419,487,454,452
Adrian,Mariappa,WAT,DEF,4.5,4.1,26,1.3,34723,37263,6.3,1509,0,0,3,33,1,0,0,4,1,0,1,185,217,75,32,32,306,302,370,354
Callum,Slattery,SOT,MID,4.5,4.4,0,0,32670,34440,0,0,0,0,0,0,0,0,0,0,0,0,0,0,0,0,0,0,588,578,561,591
Jeremy,Ngakia,WHU,DEF,4,4,8,1.6,32577,24103,2,440,0,0,0,8,0,0,0,0,0,0,0,48,78,11,9,10,400,423,417,424
Sander,Berge,SHU,MID,5,4.7,40,2.9,32425,17608,8.5,943,1,1,4,11,0,0,0,0,0,0,3,147,152,66,82,30,347,320,301,357
Christian,Fuchs,LEI,DEF,4.5,4.2,26,2.4,32154,43133,6.2,770,0,0,2,10,0,0,0,0,0,0,2,139,144,54,20,22,350,340,391,387
Joseph,Willock,ARS,MID,5,4.7,41,1.4,31416,36008,8.7,838,1,1,1,16,0,0,0,2,0,0,0,150,177,166,212,55,329,224,188,282
Moussa,Djenepo,SOT,MID,5.5,5.2,40,2.2,30838,34647,7.7,920,2,2,2,14,0,0,0,4,1,0,3,151,224,153,252,63,299,234,161,256
Nemanja,Matic,MUN,MID,5,4.8,55,2.6,29913,51876,11.5,1578,0,2,10,13,0,0,0,2,0,0,2,287,357,250,53,66,205,165,346,247
James,Garner,MUN,MID,4.5,4.3,1,1,29197,29967,0.2,8,0,0,0,1,0,0,0,0,0,0,0,3,2,3,0,1,494,449,551,498
Rúben Gonçalo,Silva Nascimento Vinagre,WOL,DEF,4.5,4.1,32,2,28734,34342,7.8,644,0,0,3,6,0,0,0,1,0,0,1,134,130,96,56,28,358,283,340,364
Rob,Holding,ARS,DEF,4.5,4.4,16,2,28501,22667,3.6,580,0,0,1,9,0,0,0,1,0,0,2,96,134,5,19,16,355,441,396,407
Joe,Hart,BUR,GKP,4.5,4.2,0,0,28406,105819,0,0,0,0,0,0,0,0,0,0,0,0,0,0,0,0,0,0,554,537,509,556
Nacho,Monreal,ARS,DEF,5,5,10,3.3,28283,89310,2,270,0,0,1,4,0,0,0,0,0,0,1,54,47,41,12,10,424,358,412,423
Jarrad,Branthwaite,EVE,DEF,4,4,11,2.8,28273,1844,2.8,299,0,0,1,6,0,0,0,0,0,0,2,69,66,2,0,7,409,451,502,441
Matej,Vydra,BUR,FWD,5.5,5.1,39,2.1,28266,27058,7.6,807,2,1,5,7,0,0,0,0,0,0,3,112,144,113,273,53,351,263,149,291
Philip,Billing,BOU,MID,5,4.9,68,2,28012,30373,13.9,2526,1,1,5,41,0,0,0,8,0,0,5,347,545,240,342,113,107,173,117,123
Cenk,Tosun,EVE,FWD,6,5.7,24,2.4,27668,36040,4.2,462,2,0,2,6,0,0,0,0,0,0,1,86,89,63,229,38,391,325,176,337
Wayne,Hennessey,CRY,GKP,4.5,4.2,7,2.3,27189,61030,1.7,270,0,0,0,8,0,0,0,0,0,16,0,58,110,0,0,11,372,540,512,421
Neil,Taylor,AVL,DEF,4.5,4.2,22,1.6,27109,32888,5.2,1088,0,0,2,25,0,0,0,2,0,0,0,163,158,80,29,27,341,297,374,368
Moritz,Leitner,NOR,MID,4.5,4.3,16,1.8,26649,36025,3.7,683,0,0,1,16,0,0,0,1,0,0,0,102,107,128,53,29,378,255,345,361
Juan,Mata,MUN,MID,6.5,6.1,38,2,26580,45423,6.2,747,0,2,4,8,0,0,0,1,0,0,2,139,109,294,130,53,374,142,251,289
Patrick,Cutrone,WOL,FWD,6,5.4,23,1.9,26463,95214,4.3,292,2,0,1,6,0,0,0,0,0,0,0,69,85,36,155,28,393,367,235,366
Danny,Welbeck,WAT,FWD,6,5.8,39,2.2,26243,29370,6.7,813,2,1,1,15,0,0,0,0,0,0,3,93,128,52,350,53,359,348,110,294
Theo,Walcott,EVE,MID,6.5,6.2,63,2.5,26179,63008,10.2,1281,2,4,4,19,0,0,0,1,0,0,1,186,225,289,521,104,298,146,72,143
Daniel,Drinkwater,AVL,MID,4.5,4.4,6,1.2,26169,142120,1.4,317,0,0,0,11,0,0,0,1,0,0,0,32,19,21,8,5,452,402,422,453
Tudor,Baluta,BHA,DEF,4,4,0,0,26158,22868,0,0,0,0,0,0,0,0,0,0,0,0,0,0,0,0,0,0,535,517,486,537
Shkodran,Mustafi,ARS,DEF,5.5,5.1,43,2.9,25007,47630,8.4,1205,0,2,4,17,0,0,0,2,0,0,2,242,277,46,155,48,257,352,234,313
Jack,Colback,NEW,MID,4.5,4.3,0,0,24862,25520,0,0,0,0,0,0,0,0,0,0,0,0,0,0,0,0,0,0,575,560,537,577
Phil,Jagielka,SHU,DEF,4.5,4.1,6,1,24851,52362,1.5,240,0,0,0,6,0,0,0,0,0,0,0,50,75,5,2,8,402,440,443,433
Paul,Dummett,NEW,DEF,4.5,4.3,44,2.8,24831,33798,10.2,1227,0,0,5,20,1,0,0,2,0,0,4,230,265,63,50,38,268,326,347,335
Michael,Obafemi,SOT,FWD,5,4.9,45,2.1,24735,30599,9.2,655,3,2,3,12,0,0,0,1,0,0,2,165,171,131,235,53,334,250,172,288
Ben,Davies,SPU,DEF,5.5,5.3,41,2.3,24706,21239,7.7,1430,0,0,4,19,0,0,0,6,0,0,2,223,280,172,94,54,256,220,291,285
Scott,Dann,CRY,DEF,4.5,4.3,51,3.2,24314,29185,11.9,1264,0,1,5,14,0,0,0,0,0,0,3,253,250,58,177,49,275,331,216,309
Christian,Atsu,NEW,MID,5.5,5.3,37,1.9,24108,29290,7,738,0,3,3,15,0,0,0,2,0,0,0,104,121,187,55,36,361,209,343,342
Dimitri,Foulquier,WAT,DEF,4,3.9,1,0.3,23858,20514,0.3,57,0,0,0,6,0,0,0,0,0,0,0,12,8,1,0,1,471,469,458,491
José,Holebas,WAT,DEF,5,4.6,21,1.5,23552,242400,4.6,1022,0,1,2,28,0,0,0,5,0,0,0,153,171,208,62,44,333,193,333,322
Claudio,Bravo,MCI,GKP,5,4.7,11,2.8,23508,37332,2.3,346,0,0,1,7,0,0,0,0,0,8,0,69,58,0,0,6,417,630,621,446
Isaac,Success Ajayi,WAT,FWD,5,4.7,4,0.8,23330,60158,0.9,65,0,0,0,3,0,0,0,1,0,0,0,8,6,14,17,4,479,415,403,459
Henrikh,Mkhitaryan,ARS,MID,7,6.7,4,1.3,23270,117383,0.6,110,0,0,1,0,0,0,0,1,0,0,0,3,5,34,46,9,480,371,355,431
Nathaniel,Chalobah,WAT,MID,4.5,4.4,36,1.6,22780,28956,8.2,919,0,1,2,14,0,0,0,1,0,0,2,142,162,130,55,35,338,251,342,348
Takumi,Minamino,LIV,MID,6.5,5.8,11,1.1,22621,20092,1.9,241,0,0,0,2,0,0,0,0,0,0,0,20,17,30,85,13,456,379,299,415
Sean,Longstaff,NEW,MID,5,5,44,1.9,22166,55549,8.8,1370,1,2,2,26,0,0,0,2,1,0,0,181,236,217,155,61,288,187,233,267
Adam,Idah,NOR,FWD,4.5,4.4,13,1.1,21977,17712,3,219,0,0,0,9,0,0,0,0,0,0,0,25,14,18,47,7,461,407,352,439
Tom,Cleverley,WAT,MID,5,4.8,33,1.8,21937,26972,6.9,964,1,0,1,26,0,0,0,2,0,0,2,153,175,219,221,62,331,185,183,265
Ryan,Giles,WOL,DEF,4,3.9,0,0,21912,11421,0,0,0,0,0,0,0,0,0,0,0,0,0,0,0,0,0,0,520,500,469,522
Pablo,Zabaleta,WHU,DEF,4.5,4.1,10,1,21897,50033,2.4,588,0,0,0,14,0,0,0,2,0,0,0,90,110,51,12,17,371,349,409,400
Steven,Alzate,BHA,MID,4.5,4.4,33,1.7,21609,17026,7.5,1181,0,0,3,18,0,0,0,1,0,0,0,183,202,214,205,62,310,190,196,260
Conor,Hourihane,AVL,MID,6,5.7,83,3.1,21523,31679,14.6,1526,3,5,6,29,0,0,0,4,0,0,9,328,385,552,317,125,193,44,129,103
Ashley,Young,MUN,DEF,5.5,5.4,24,2,21451,41612,4.4,953,0,0,2,10,0,0,0,5,0,0,0,158,156,317,18,49,343,133,400,308
Ondrej,Duda,NOR,MID,5,4.4,24,2.4,21194,17452,5.5,723,0,1,3,9,0,0,0,0,0,0,0,131,116,262,105,48,368,162,273,311
Harry,Winks,SPU,MID,5.5,5.2,52,1.7,21085,34189,10,2223,0,0,6,31,0,0,0,9,0,0,0,369,362,323,74,76,203,128,315,211
Jeffrey,Schlupp,CRY,MID,5.5,5.4,51,3,20717,27015,9.4,1030,3,1,4,16,0,0,0,2,0,0,4,148,240,102,266,61,283,275,153,268
Kevin,Long,BUR,DEF,4.5,4.3,21,2.6,20369,11651,4.9,562,0,0,2,5,0,0,0,0,0,0,0,93,105,1,24,13,380,463,382,413
Ryan,Bennett,LEI,DEF,5,4.8,32,2,19653,46207,6.7,932,0,0,3,17,0,0,0,2,0,0,2,176,161,41,16,22,339,357,405,389
Leroy,Sané,MCI,MID,9.5,9.1,1,1,19588,52391,0.1,11,0,0,0,0,0,0,0,0,0,0,0,2,0,1,11,1,666,468,415,494
José Ãngel,Esmorís Tasende,MCI,DEF,5,4.6,11,1.8,18965,30225,2.4,422,0,1,0,7,0,0,0,1,0,0,1,94,93,164,58,32,386,226,338,355
André Filipe,Tavares Gomes,EVE,MID,5.5,5.2,39,2.1,18746,73633,7.5,1457,0,1,5,20,0,0,0,6,0,0,3,184,157,179,33,36,342,218,368,341
Kelland,Watts,NEW,DEF,4,3.9,1,1,18193,7654,0.3,16,0,0,0,1,0,0,0,0,0,0,0,3,2,0,0,0,495,503,472,503
Demarai,Gray,LEI,MID,5.5,5,44,2.1,18147,41825,8.8,605,2,4,1,6,0,0,1,1,0,0,0,151,205,242,263,71,309,169,154,229
Brandon,Austin,SPU,GKP,4,4,0,0,18000,11275,0,0,0,0,0,0,0,0,0,0,0,0,0,0,0,0,0,0,536,518,487,538
Ruben,Loftus-Cheek,CHE,MID,6.5,5.9,12,1.7,17870,19346,2,203,0,1,1,3,0,0,0,0,0,0,0,37,31,30,33,9,440,377,369,427
José Ignacio,Peleteiro Romallo,AVL,MID,6,5.7,17,1.7,17837,30851,3,329,0,1,2,5,0,0,0,0,0,0,0,48,47,57,73,17,425,335,318,401
Ezri,Konsa Ngoyo,AVL,DEF,4.5,4.3,65,2.6,17514,10777,15.1,2038,1,2,5,39,0,0,0,3,0,0,4,335,401,152,173,73,185,238,221,221
Leighton,Baines,EVE,DEF,5,4.9,14,1.8,17286,18735,2.9,400,0,1,0,8,0,0,0,0,0,0,0,89,82,124,5,21,396,256,437,390
Maya,Yoshida,SOT,DEF,4.5,4.1,10,1.2,16935,32010,2.4,558,0,0,1,18,0,0,0,1,0,0,1,85,97,4,77,18,385,444,310,399
Eric,Dier,SPU,MID,5,4.8,36,1.9,16812,23391,7.5,1340,0,2,3,23,0,0,0,5,0,0,0,172,297,100,56,46,243,280,341,317
Ben,Godfrey,NOR,DEF,4.5,4.4,38,1.3,16794,25836,8.6,2644,0,0,3,62,1,0,0,3,1,0,0,447,603,57,119,78,75,334,263,205
Andy,Carroll,NEW,FWD,5.5,5.4,34,1.8,16553,23825,6.3,617,0,4,2,10,0,0,0,1,0,0,0,87,137,162,211,51,353,230,189,300
Sofiane,Boufal,SOT,MID,5.5,5.5,34,1.7,16381,18958,6.2,753,0,3,1,17,0,0,0,2,0,0,0,99,149,204,267,62,349,196,152,263
Tom,Davies,EVE,MID,5.5,5.3,59,2,16271,19526,11.1,2020,1,1,5,34,0,0,0,8,0,0,3,233,270,123,262,66,262,257,155,249
DeAndre,Yedlin,NEW,DEF,4.5,4.4,26,1.6,16124,15425,5.9,934,1,0,1,18,0,0,0,3,0,0,0,122,166,118,43,33,336,259,358,351
Harry,Lewis,SOT,GKP,4,4,0,0,15829,9759,0,0,0,0,0,0,0,0,0,0,0,0,0,0,0,0,0,0,533,515,484,535
Jeff,Hendrick,BUR,MID,5.5,5.4,67,2.8,15773,18285,12.4,1930,2,2,10,30,0,0,0,8,0,0,4,197,270,214,282,77,263,191,142,210
Matty,James,LEI,MID,4.5,4.3,1,1,15765,28100,0.2,5,0,0,0,0,0,0,0,0,0,0,0,3,0,0,0,0,502,481,539,506
Jefferson,Lerma,BOU,MID,5,4.8,65,2,15689,23987,13.5,2702,1,2,4,49,0,0,0,11,1,0,2,376,439,189,169,79,162,205,223,202
Joseph,Anang,WHU,GKP,4,4,0,0,15384,8334,0,0,0,0,0,0,0,0,0,0,0,0,0,0,0,0,0,0,546,528,497,548
Reiss,Nelson,ARS,MID,5.5,5.3,30,1.8,15306,20711,5.7,622,1,1,2,7,0,0,0,1,0,0,0,105,110,148,185,44,373,241,210,320
Jack,Cork,BUR,MID,5,4.9,70,2.3,14989,25944,14.3,2614,0,0,12,41,0,0,0,1,0,0,0,301,313,198,311,82,233,199,130,198
Dan,Gosling,BOU,MID,5,4.8,54,2.2,14793,13111,11.2,1254,3,1,2,23,0,0,0,3,0,0,1,186,316,152,259,73,230,237,159,222
Anthony,Gordon,EVE,FWD,4.5,4.5,17,1.5,14448,8061,3.8,436,0,1,0,6,0,0,0,0,0,0,1,63,76,98,44,22,401,281,356,388
Leon,Clarke,SHU,FWD,4.5,4.4,2,1,14171,12095,0.5,33,0,0,0,2,0,0,0,0,0,0,0,3,4,2,6,1,485,461,431,492
Fabian,Delph,EVE,DEF,5.5,5.3,24,1.5,13853,32071,4.5,1187,0,0,2,24,0,0,0,3,1,0,2,202,183,147,24,35,324,243,385,343
Pablo,Marí,ARS,DEF,5,4.4,8,4,13720,12437,1.8,113,0,0,1,0,0,0,0,0,0,0,1,31,28,2,0,3,445,457,556,467
Kenny,McLean,NOR,MID,5,4.8,77,2.1,13552,19029,16,2965,1,1,5,63,0,0,0,5,0,0,0,424,506,424,274,120,130,90,148,111
Luke,Dreher,CRY,MID,4.5,4.3,0,0,13224,13070,0,0,0,0,0,0,0,0,0,0,0,0,0,0,0,0,0,0,584,571,550,586
Alireza,Jahanbakhsh,BHA,MID,6,5.8,28,2.8,12848,15906,4.8,305,2,1,1,4,0,0,0,0,0,0,2,90,91,63,106,26,388,327,272,371
Asmir,Begovic,BOU,GKP,4.5,4.2,0,0,12767,158719,0,0,0,0,0,0,0,0,0,0,0,0,0,0,0,0,0,0,559,543,515,561
Oskar,Buur,WOL,DEF,4,4,0,0,12504,7078,0,0,0,0,0,0,0,0,0,0,0,0,0,0,0,0,0,0,532,514,483,534
Willy,Caballero,CHE,GKP,5,4.8,13,2.6,12472,19528,2.7,450,0,0,1,7,0,0,0,0,0,10,0,74,90,0,0,9,390,634,628,429
Muhamed,Bešić,SHU,MID,4.5,4.3,9,1,12427,20742,2.1,243,0,0,0,2,0,0,0,2,0,0,0,40,34,22,29,9,436,401,375,432
Eric,Bailly,MUN,DEF,5,4.7,9,2.2,12133,12117,1.9,148,0,0,1,1,0,0,0,0,0,0,0,40,32,1,0,3,438,470,627,463
Marc,Albrighton,LEI,MID,5.5,5.1,38,1.9,12028,24640,7.5,857,0,3,3,11,0,0,0,2,0,0,1,185,191,288,102,58,319,147,278,277
Ibrahim,Amadou,NOR,MID,4.5,4.5,18,1.6,11824,12196,4,756,0,0,1,20,0,0,0,1,0,0,0,122,177,18,31,23,328,406,372,382
Junior,Stanislas,BOU,MID,6,5.8,42,2.8,11762,5286,7.2,706,3,1,1,17,0,0,0,1,0,0,2,155,179,185,241,61,326,211,168,269
Daniel,N'Lundulu,SOT,FWD,4.5,4.4,0,0,11564,10124,0,0,0,0,0,0,0,0,0,0,0,0,0,0,0,0,0,0,591,581,564,594
Jack,Wilshere,WHU,MID,5,4.6,8,1,11379,36863,1.7,209,0,0,0,5,0,0,0,0,0,0,0,14,6,7,4,2,478,432,439,485
Grady,Diangana,WHU,MID,4.5,4.3,0,0,10938,13868,0,0,0,0,0,0,0,0,0,0,0,0,0,0,0,0,0,0,579,566,544,581
Dennis,Praet,LEI,MID,5.5,5.2,54,2,10669,13601,10.4,1122,1,3,2,17,0,0,0,2,0,0,3,203,196,162,210,57,317,231,193,278
Domingos,Quina,WAT,MID,4.5,4.3,4,1,10639,13215,0.9,18,0,0,0,2,0,0,0,0,0,0,0,10,7,1,7,2,472,472,425,484
Xherdan,Shaqiri,LIV,MID,6.5,6.3,15,2.1,9972,31308,2.4,181,1,0,1,2,0,0,0,0,0,0,0,54,48,52,37,14,423,346,366,411
Robert,Elliot,NEW,GKP,4,4,0,0,9783,6223,0,0,0,0,0,0,0,0,0,0,0,0,0,0,0,0,0,0,525,506,475,527
Yan,Valery,SOT,DEF,5,4.6,18,1.6,9760,28863,3.9,778,0,1,1,20,0,0,0,1,0,0,0,93,112,44,77,23,370,353,312,381
Jack,Stacey,BOU,DEF,4.5,4.3,39,2.1,9636,15077,9.1,1547,0,2,1,27,0,0,0,2,0,0,4,241,309,147,86,54,236,242,297,286
Artur,Boruc,BOU,GKP,4.5,4.2,0,0,9525,22938,0,0,0,0,0,0,0,0,0,0,0,0,0,0,0,0,0,0,555,538,510,557
Florian,Lejeune,NEW,DEF,4.5,4.3,24,4,9183,7955,5.6,440,2,0,1,10,0,0,0,0,0,0,1,88,132,13,81,23,356,419,303,383
David,Brooks,BOU,MID,6.5,6.1,21,2.3,9101,24266,3.4,505,1,0,1,12,0,0,0,1,0,0,1,73,82,101,71,25,395,279,321,374
Addji Keaninkin Marc-Israel,Guehi,CHE,DEF,4,3.9,0,0,8862,8383,0,0,0,0,0,0,0,0,0,0,0,0,0,0,0,0,0,0,516,496,464,518
Archie,Mair,NOR,GKP,4,4,0,0,8704,5665,0,0,0,0,0,0,0,0,0,0,0,0,0,0,0,0,0,0,541,523,492,543
Jordon,Ibe,BOU,MID,5,4.6,2,1,8702,25627,0.4,48,0,0,0,1,0,0,0,0,0,0,0,10,7,5,0,1,474,438,617,488
Anthony,Driscoll-Glennon,BUR,DEF,4,3.9,0,0,8702,4305,0,0,0,0,0,0,0,0,0,0,0,0,0,0,0,0,0,0,514,494,462,516
Scott,Carson,MCI,GKP,4,4,0,0,8349,5618,0,0,0,0,0,0,0,0,0,0,0,0,0,0,0,0,0,0,524,505,474,526
Bernardo,Fernandes da Silva Junior,BHA,DEF,4.5,4.3,21,1.5,8311,13987,4.9,675,0,0,1,17,0,0,0,1,0,0,3,121,154,73,92,32,344,309,293,353
Daniel,Castelo Podence,WOL,MID,5.5,4.9,25,2.8,8281,3461,5.1,285,1,1,3,0,0,0,0,0,0,0,2,74,62,73,148,28,411,306,238,362
John,Ruddy,WOL,GKP,4.5,4.2,0,0,8234,23258,0,0,0,0,0,0,0,0,0,0,0,0,0,0,0,0,0,0,556,539,511,558
Axel,Tuanzebe,MUN,DEF,4.5,4.4,7,1.4,8149,13781,1.6,187,0,0,0,3,0,0,0,0,0,0,0,30,18,6,0,2,455,437,560,476
Kortney,Hause,AVL,DEF,4.5,4.4,34,1.9,8119,9070,7.7,1544,1,0,2,34,0,0,0,3,0,0,0,204,353,33,248,63,209,372,163,255
Bernard,Ashley-Seal,WOL,FWD,4.5,4.5,0,0,7889,6770,0,0,0,0,0,0,0,0,0,0,0,0,0,0,0,0,0,0,605,595,582,608
Akin,Famewo,NOR,DEF,4,3.9,1,1,7785,6458,0.3,1,0,0,0,0,0,0,0,0,0,0,0,3,0,0,0,0,521,501,470,523
Mamadou,Sakho,CRY,DEF,5,5,11,0.8,7751,10883,2.2,929,0,0,0,21,0,0,0,1,1,0,0,148,179,16,6,20,325,411,435,395
Lewis,Cook,BOU,MID,5,5,40,1.5,7609,6629,8,1340,0,1,2,30,0,0,0,5,0,0,0,183,188,183,68,44,321,213,323,324
Heurelho da Silva,Gomes,WAT,GKP,4.5,4.3,0,0,7607,11883,0,0,0,0,0,0,0,0,0,0,0,0,0,0,0,0,0,0,573,558,533,575
Lloyd,Kelly,BOU,DEF,4.5,4.4,11,1.4,7536,10639,2.5,638,0,0,1,15,0,0,0,2,0,0,0,85,73,28,20,12,404,385,392,416
Onel,Hernández,NOR,MID,5.5,5.3,52,2,7450,18151,9.8,1374,1,2,1,32,0,0,0,0,0,0,0,173,227,236,445,91,294,176,83,175
Yoshinori,Muto,NEW,FWD,5.5,5.1,9,1.1,7340,14183,1.8,207,0,0,0,7,0,0,0,0,0,0,0,25,13,15,12,4,464,413,413,460
Sam,Byram,NOR,DEF,4.5,4.3,32,1.9,6933,12201,7.4,1292,0,0,3,23,0,0,0,4,0,0,2,201,273,109,218,60,260,265,184,270
Kieron,Freeman,SHU,DEF,4.5,4.2,2,1,6932,12556,0.5,6,0,0,0,0,0,0,0,0,0,0,0,5,0,0,0,0,563,477,520,565
Jürgen,Locadia,BHA,FWD,5.5,5.2,3,1.5,6923,23996,0.6,85,0,0,1,1,0,0,0,0,0,0,0,5,3,1,30,3,491,464,373,464
Gedson,Carvalho Fernandes,SPU,MID,5,4.6,7,1,6845,5346,1.5,62,0,0,0,1,0,0,0,0,0,0,0,20,17,34,20,7,457,370,393,438
Josip,Drmic,NOR,FWD,5.5,5.3,26,1.2,6631,15683,4.9,636,1,0,0,13,0,0,0,0,1,0,0,67,60,67,231,35,415,318,175,345
Adam,Lallana,LIV,MID,6,5.7,27,1.8,6597,11322,4.7,371,1,1,1,5,0,0,0,1,0,0,1,97,107,69,74,25,376,315,316,377
Marco,Stiepermann,NOR,MID,5.5,5,32,1.3,6400,12121,6.4,1173,0,0,1,32,0,0,0,6,0,0,0,96,120,188,277,59,363,206,145,276
Aaron,Lennon,BUR,MID,5,4.6,15,0.9,6347,12276,3.3,485,0,0,0,15,0,0,0,4,0,0,0,51,45,38,12,10,428,364,410,426
Emil,Krafth,NEW,DEF,4.5,4.3,37,2.2,6333,8244,8.6,1015,0,1,3,23,0,0,0,0,0,0,2,187,184,29,39,25,323,382,362,376
Simon,Moore,SHU,GKP,4.5,4.3,3,1.5,6294,8790,0.7,180,0,0,0,6,0,0,0,0,0,5,0,23,28,0,0,3,443,562,540,470
Angel,Gomes,MUN,MID,5,4.7,2,1,6235,11945,0.4,19,0,0,0,1,0,0,0,0,0,0,0,7,4,25,2,3,483,396,446,465
Tyrick,Mitchell,CRY,DEF,4,4,4,1,6101,3603,1,193,0,0,0,4,0,0,0,1,0,0,0,23,36,59,2,10,432,329,442,425
Emile,Smith Rowe,ARS,MID,4.5,4.3,4,2,5984,4456,0.9,96,0,0,1,0,0,0,0,0,0,0,0,13,10,6,0,2,467,435,546,482
Ryan,Sessegnon,SPU,MID,5.5,5.4,9,1.5,5873,21275,1.7,341,0,0,0,5,0,0,0,0,0,0,0,41,45,40,34,12,427,361,367,417
Mark,Travers,BOU,GKP,4.5,4.2,1,1,5864,15200,0.2,90,0,0,0,3,0,0,0,0,0,2,0,9,15,0,0,2,460,556,531,483
Sergio,Romero,MUN,GKP,5,4.6,0,0,5652,13195,0,0,0,0,0,0,0,0,0,0,0,0,0,0,0,0,0,0,637,627,616,639
Gonçalo Bento,Soares Cardoso,WHU,DEF,4,4,0,0,5615,3003,0,0,0,0,0,0,0,0,0,0,0,0,0,0,0,0,0,0,548,530,499,550
Jesús,Vallejo Lázaro,WOL,DEF,5,4.6,1,0.5,5505,24750,0.2,162,0,0,0,6,0,0,0,1,0,0,0,22,36,7,0,4,433,433,619,455
Victor,Wanyama,SPU,MID,5,4.7,1,0.5,5469,8878,0.2,24,0,0,0,2,0,0,0,1,0,0,0,5,1,1,0,0,501,471,622,505
Simon,Francis,BOU,DEF,4.5,4.3,16,1.1,5387,5208,3.7,964,0,0,1,21,0,0,0,3,1,0,1,161,264,64,72,40,270,322,319,331
Ralf,Fahrmann,NOR,GKP,4.5,4.4,1,1,5357,28402,0.2,21,0,0,0,1,0,0,0,0,0,1,0,6,4,0,0,0,486,573,554,500
Phil,Jones,MUN,DEF,5,4.7,2,1,5276,14296,0.4,135,0,0,0,3,0,0,0,0,0,0,0,22,21,3,23,5,449,448,387,454
Dennis,Srbeny,NOR,FWD,5.5,5.2,13,1.6,5202,8344,2.5,41,1,0,0,2,0,0,0,0,0,0,1,50,44,3,25,7,430,447,381,440
Oumar,Niasse,EVE,FWD,4.5,4.5,3,1,5167,4217,0.7,19,0,0,0,2,0,0,0,0,0,0,0,1,7,2,0,1,473,456,576,495
Curtis,Jones,LIV,MID,4.5,4.5,13,2.2,5132,2214,2.9,121,1,0,1,1,0,0,0,0,0,0,0,46,49,16,65,13,421,412,328,414
Luke,Freeman,SHU,MID,5.5,5,13,1.2,5100,11424,2.6,360,0,0,1,5,0,0,0,2,0,0,0,38,46,77,25,15,426,300,380,408
Víctor,Camarasa,CRY,MID,5,4.5,1,1,4930,50112,0.2,5,0,0,0,0,0,0,0,0,0,0,0,3,0,0,0,0,504,483,580,606
Marcos,Rojo,MUN,DEF,5,4.8,3,1,4873,12231,0.6,121,0,0,0,2,0,0,0,1,0,0,0,9,20,2,6,3,450,455,433,471
Mario,Vrancic,NOR,MID,6.5,6.2,29,1.4,4746,15046,4.7,624,1,0,0,19,0,0,0,3,0,0,1,116,123,108,123,35,360,270,256,344
Max,Meyer,CRY,MID,5.5,5.2,23,1.4,4721,11708,4.4,645,0,0,1,11,0,0,0,1,0,0,0,67,68,69,103,24,407,313,276,380
Rhu-endly,Martina,EVE,DEF,4,4,0,0,4718,3926,0,0,0,0,0,0,0,0,0,0,0,0,0,0,0,0,0,0,527,508,477,529
Lewis,Gibson,EVE,DEF,4.5,4.2,0,0,4698,11919,0,0,0,0,0,0,0,0,0,0,0,0,0,0,0,0,0,0,572,557,532,574
Liam,Gibson,NEW,DEF,4,4,0,0,4677,3484,0,0,0,0,0,0,0,0,0,0,0,0,0,0,0,0,0,0,529,511,480,531
Kevin,Danso,SOT,DEF,4.5,4.2,9,1.5,4642,4445,2.1,275,0,1,1,8,0,0,0,0,1,0,0,46,58,26,6,9,416,391,429,430
Christoph,Zimmermann,NOR,DEF,4.5,4.4,35,2.1,4602,5034,8,1430,0,1,3,27,0,0,0,3,0,0,1,247,366,26,62,46,200,392,332,316
Nabil,Bentaleb,NEW,MID,5,4.7,19,1.6,4598,3550,4,747,0,0,2,16,0,0,0,2,0,0,0,113,105,101,20,23,381,277,394,384
Filip,Benkovic,LEI,DEF,4,3.9,0,0,4445,2787,0,0,0,0,0,0,0,0,0,0,0,0,0,0,0,0,0,0,517,497,465,519
Robbie,Brady,BUR,MID,5.5,5.5,32,1.9,4428,5083,5.8,445,1,2,1,10,0,0,0,1,0,0,0,112,119,102,128,35,364,274,254,346
Jonathan,Kodjia,AVL,FWD,5.5,5.4,5,0.8,4387,28038,0.9,111,0,0,0,6,0,0,0,1,0,0,0,14,3,12,24,4,489,421,386,457
Ravel,Morrison,SHU,MID,5,4.5,1,1,4360,14337,0.2,12,0,0,0,0,0,0,0,0,0,0,0,0,0,1,4,0,600,474,438,504
Karl,Darlow,NEW,GKP,4.5,4.3,0,0,4234,8571,0,0,0,0,0,0,0,0,0,0,0,0,0,0,0,0,0,0,576,561,538,578
Timothy,Fosu-Mensah,MUN,DEF,4.5,4.5,7,2.3,4184,1040,1.6,136,0,0,1,1,0,0,0,1,0,0,0,27,12,29,6,4,465,383,432,456
Tyreke,Johnson,SOT,MID,4.5,4.4,0,0,3825,4803,0,0,0,0,0,0,0,0,0,0,0,0,0,0,0,0,0,0,593,583,566,596
Richairo,Zivkovic,SHU,FWD,5,4.7,5,1,3808,2951,1.1,107,0,0,0,4,0,0,0,0,0,0,0,15,9,29,22,6,468,384,388,445
Charlie,Daniels,BOU,DEF,4.5,4.2,3,1.5,3567,17590,0.7,126,0,0,0,2,0,0,0,0,0,0,0,18,22,30,0,5,448,381,517,450
Michel,Vorm,SPU,GKP,4.5,4.2,0,0,3559,3236,0,0,0,0,0,0,0,0,0,0,0,0,0,0,0,0,0,0,558,542,514,560
Morgan,Gibbs-White,WOL,MID,5,4.7,11,1.6,3516,8006,2.3,125,0,1,0,2,0,0,0,0,0,0,0,39,7,44,12,6,476,354,411,444
Davide,Zappacosta,CHE,DEF,4.5,4.2,0,0,3512,28261,0,0,0,0,0,0,0,0,0,0,0,0,0,0,0,0,0,0,566,549,523,568
Fraser,Forster,SOT,GKP,4.5,4.2,0,0,3487,50506,0,0,0,0,0,0,0,0,0,0,0,0,0,0,0,0,0,0,560,544,516,562
Albian,Ajeti,WHU,FWD,6,5.6,9,1,3382,5996,1.6,132,0,0,0,3,0,0,0,0,0,0,0,16,5,23,47,7,481,400,353,437
Sam,Gallagher,SOT,FWD,4.5,4.5,0,0,3361,6084,0,0,0,0,0,0,0,0,0,0,0,0,0,0,0,0,0,0,601,591,577,603
Jairo,Riedewald,CRY,MID,4.5,4.5,22,1.3,3194,2401,4.9,761,0,0,0,9,0,0,0,0,0,0,0,116,117,47,27,19,366,350,377,397
Vincent,Janssen,SPU,FWD,4.5,4.5,0,0,3159,9523,0,0,0,0,0,0,0,0,0,0,0,0,0,0,0,0,0,0,602,592,578,604
João Pedro,Junqueira de Jesus,WAT,FWD,5,4.8,3,1,3009,2418,0.6,22,0,0,0,1,0,0,0,0,0,0,0,8,4,6,8,2,484,434,424,481
Abd-Al-Ali Morakinyo Olaposi,Koiki,BUR,DEF,4,4,0,0,2983,2428,0,0,0,0,0,0,0,0,0,0,0,0,0,0,0,0,0,0,544,526,495,546
Taylor,Perry,WOL,MID,4.5,4.5,0,0,2875,2393,0,0,0,0,0,0,0,0,0,0,0,0,0,0,0,0,0,0,615,605,591,617
Juan,Foyth,SPU,DEF,5,4.8,3,0.8,2847,4198,0.6,66,0,0,0,3,0,0,0,1,0,0,0,9,19,13,0,3,453,420,634,466
Jean-Philippe,Gbamin,EVE,MID,5,4.8,4,2,2809,7260,0.8,135,0,0,1,0,0,0,0,0,0,0,0,14,20,6,0,3,451,436,631,473
Danny,Ward,LEI,GKP,4.5,4.2,0,0,2790,9933,0,0,0,0,0,0,0,0,0,0,0,0,0,0,0,0,0,0,565,548,522,567
Romelu,Lukaku,MUN,FWD,8.5,8.5,0,0,2787,32204,0,0,0,0,0,0,0,0,0,0,0,0,0,0,0,0,0,0,665,666,666,666
Jake,Eastwood,SHU,GKP,4.5,4.3,0,0,2763,14884,0,0,0,0,0,0,0,0,0,0,0,0,0,0,0,0,0,0,582,569,548,584
Thomas,Allan,NEW,MID,4.5,4.5,0,0,2651,1727,0,0,0,0,0,0,0,0,0,0,0,0,0,0,0,0,0,0,616,606,592,618
Gaëtan,Bong,BHA,DEF,4.5,4.2,3,0.8,2474,8768,0.7,57,0,0,0,3,0,0,0,0,0,0,0,15,16,28,6,5,458,388,428,451
Harvey,Elliott,LIV,MID,4.5,4.5,2,1,2469,1886,0.4,7,0,0,0,0,0,0,0,0,0,0,0,6,2,2,0,0,497,458,606,501
Andy,Lonergan,LIV,GKP,4.5,4.2,0,0,2450,3159,0,0,0,0,0,0,0,0,0,0,0,0,0,0,0,0,0,0,551,534,506,553
William,Smallbone,SOT,MID,4.5,4.5,24,2.7,2421,1242,5.3,389,0,2,3,4,0,0,0,0,0,0,1,84,70,53,43,17,406,342,359,405
Jonas,Lössl,EVE,GKP,4.5,4.2,0,0,2409,31794,0,0,0,0,0,0,0,0,0,0,0,0,0,0,0,0,0,0,562,546,519,564
Yves,Bissouma,BHA,MID,5,5,39,1.8,2389,2011,7.8,1253,1,0,4,18,0,0,0,4,0,0,0,207,239,111,101,45,285,264,280,318
Bailey,Peacock-Farrell,BUR,GKP,4.5,4.3,0,0,2351,4276,0,0,0,0,0,0,0,0,0,0,0,0,0,0,0,0,0,0,583,570,549,585
Zech,Medley,ARS,DEF,4,4,0,0,2330,992,0,0,0,0,0,0,0,0,0,0,0,0,0,0,0,0,0,0,534,516,485,536
José Diogo,Dalot Teixeira,MUN,DEF,5,4.9,4,1,2243,11657,0.8,65,0,0,0,1,0,0,0,0,0,0,0,10,10,4,6,2,466,442,434,478
Matt,Macey,ARS,GKP,4,4,0,0,2144,725,0,0,0,0,0,0,0,0,0,0,0,0,0,0,0,0,0,0,528,510,479,530
Michael,Verrips,SHU,GKP,4.5,4.4,0,0,2131,2908,0,0,0,0,0,0,0,0,0,0,0,0,0,0,0,0,0,0,589,579,562,592
James,Chester,AVL,DEF,4.5,4.2,0,0,2107,8480,0,0,0,0,0,0,0,0,0,0,0,0,0,0,0,0,0,0,561,545,518,563
Luke,Cundle,WOL,MID,4.5,4.5,0,0,2055,1640,0,0,0,0,0,0,0,0,0,0,0,0,0,0,0,0,0,0,621,611,597,623
Chris,Smalling,MUN,DEF,5.5,5.2,0,0,2053,16876,0,0,0,0,0,0,0,0,0,0,0,0,0,0,0,0,0,0,654,651,648,655
Jake,Vokins,SOT,DEF,4,4,2,2,2046,734,0.5,90,0,0,0,1,0,0,0,0,0,0,0,10,8,17,3,3,469,409,440,469
Lovre,Kalinic,AVL,GKP,4.5,4.2,0,0,2037,5879,0,0,0,0,0,0,0,0,0,0,0,0,0,0,0,0,0,0,564,547,521,566
Valentino,Lazaro,NEW,MID,5.5,5.3,19,1.5,2004,1648,3.6,472,1,0,0,13,0,0,0,0,1,0,0,81,84,88,38,21,394,287,365,391
Jack,Rodwell,SHU,MID,4.5,4.5,1,1,2003,1355,0.2,15,0,0,0,0,0,0,0,0,0,0,0,3,1,0,0,0,499,587,571,507
Alexis,Sánchez,MUN,MID,7,6.8,0,0,1975,44847,0,0,0,0,0,0,0,0,0,0,0,0,0,0,0,0,0,0,663,664,664,664
Ben,Osborn,SHU,MID,5,4.7,19,1.5,1967,3626,4,590,0,0,2,4,0,0,0,0,0,0,0,84,78,109,65,25,399,268,329,375
Ki-Jana,Hoever,LIV,DEF,4,3.9,0,0,1948,1076,0,0,0,0,0,0,0,0,0,0,0,0,0,0,0,0,0,0,523,504,473,525
Kieran,Trippier,SPU,DEF,5.5,5.5,0,0,1946,15746,0,0,0,0,0,0,0,0,0,0,0,0,0,0,0,0,0,0,661,662,660,662
Josh,Brownhill,BUR,MID,5,4.8,21,2.1,1938,810,4.4,805,0,0,4,10,0,0,0,2,0,0,0,111,101,59,49,21,384,330,350,392
Ethan,Ampadu,CHE,MID,4.5,4.3,0,0,1935,2843,0,0,0,0,0,0,0,0,0,0,0,0,0,0,0,0,0,0,580,567,545,582
Pedro,Obiang,WHU,MID,4.5,4.5,0,0,1920,5583,0,0,0,0,0,0,0,0,0,0,0,0,0,0,0,0,0,0,597,588,573,600
Bruno André,Cavaco Jordao,WOL,MID,4.5,4.5,1,1,1913,1146,0.2,6,0,0,0,0,0,0,0,0,0,0,0,4,3,10,0,1,493,425,600,487
Timm,Klose,NOR,DEF,4.5,4.3,9,1.3,1903,6648,2.1,585,0,0,0,13,0,0,0,0,0,0,0,77,121,3,42,17,362,450,360,404
Indiana,Vassilev,AVL,MID,4.5,4.5,4,1,1865,1188,0.9,47,0,0,0,1,0,0,0,0,0,0,0,8,1,2,7,1,500,462,427,496
Eldin,Jakupovic,LEI,GKP,4.5,4.2,0,0,1851,6012,0,0,0,0,0,0,0,0,0,0,0,0,0,0,0,0,0,0,552,535,507,554
Lukas,Rupp,NOR,MID,4.5,4.4,19,1.6,1827,1311,4.3,692,0,0,1,18,0,0,0,1,0,0,0,79,70,109,88,26,405,266,296,369
Pontus,Dahlberg,WAT,GKP,4.5,4.2,0,0,1794,7396,0,0,0,0,0,0,0,0,0,0,0,0,0,0,0,0,0,0,571,555,529,573
Georges-Kévin,Nkoudou,SPU,MID,5,5,1,1,1788,2547,0.2,2,0,0,0,0,0,0,0,0,0,0,0,3,0,0,18,2,651,647,398,480
Andrew,Surman,BOU,MID,5,4.7,6,1.2,1767,4646,1.3,234,0,0,0,6,0,0,0,1,0,0,0,28,24,26,8,6,446,393,423,448
Borja,González Tomás,AVL,FWD,5.5,5.3,2,1,1732,1458,0.4,16,0,0,0,2,0,0,0,0,0,0,0,5,0,2,2,0,505,459,448,502
Armando,Broja,CHE,FWD,4.5,4.5,1,1,1710,1239,0.2,4,0,0,0,0,0,0,0,0,0,0,0,2,0,0,0,0,627,479,604,629
Patrick,Roberts,NOR,MID,5.5,5,3,1,1703,7993,0.6,24,0,0,0,2,0,0,0,0,0,0,0,12,4,1,0,1,482,476,643,499
Jed,Steer,AVL,GKP,4.5,4.3,1,1,1685,7353,0.2,7,0,0,0,0,0,0,0,0,0,0,0,3,0,0,0,0,577,563,541,579
Marko,Arnautovic,WHU,FWD,7,7,0,0,1674,8046,0,0,0,0,0,0,0,0,0,0,0,0,0,0,0,0,0,0,664,665,665,665
Alexis,Mac Allister,BHA,MID,5.5,5.4,12,1.3,1656,1136,2.2,348,0,0,0,6,0,0,0,0,0,0,0,35,28,74,66,17,442,304,326,403
Nathaniel,Phillips,LIV,DEF,4,3.9,0,0,1653,1009,0,0,0,0,0,0,0,0,0,0,0,0,0,0,0,0,0,0,515,495,463,517
Rolando,Aarons,NEW,MID,5,4.8,0,0,1631,4568,0,0,0,0,0,0,0,0,0,0,0,0,0,0,0,0,0,0,642,636,630,644
Jimmy,Dunne,BUR,DEF,4,4,0,0,1626,619,0,0,0,0,0,0,0,0,0,0,0,0,0,0,0,0,0,0,538,520,489,540
Beni,Baningime,EVE,MID,4.5,4.4,0,0,1611,1214,0,0,0,0,0,0,0,0,0,0,0,0,0,0,0,0,0,0,590,580,563,593
Caoimhin,Kelleher,LIV,GKP,4.5,4.4,0,0,1610,2064,0,0,0,0,0,0,0,0,0,0,0,0,0,0,0,0,0,0,592,582,565,595
Mario,Lemina,SOT,MID,5,4.6,0,0,1529,10758,0,0,0,0,0,0,0,0,0,0,0,0,0,0,0,0,0,0,638,628,618,640
Jose Luis,Mato Sanmartín,NEW,FWD,5,5,0,0,1481,4208,0,0,0,0,0,0,0,0,0,0,0,0,0,0,0,0,0,0,648,644,640,650
Ayotomiwa,Dele-Bashiru,WAT,MID,4.5,4.4,0,0,1432,1099,0,0,0,0,0,0,0,0,0,0,0,0,0,0,0,0,0,0,587,577,559,590
Nathan,Holland,WHU,MID,4.5,4.4,2,1,1400,1216,0.5,31,0,0,0,1,0,0,0,0,0,0,0,10,13,4,9,3,463,443,419,474
Arnaut,Danjuma Groeneveld,BOU,MID,6,5.8,24,1.7,1386,5211,4.1,625,0,1,2,12,0,0,0,0,0,0,0,60,61,83,139,28,413,293,243,365
Sung-yueng,Ki,NEW,MID,5,4.7,4,1.3,1365,5192,0.9,135,0,0,0,6,0,0,0,0,0,0,0,18,18,40,0,6,454,362,623,447
Leon,Balogun,BHA,DEF,4.5,4.3,0,0,1364,5318,0,0,0,0,0,0,0,0,0,0,0,0,0,0,0,0,0,0,574,559,536,576
Luke,Amos,SPU,MID,4.5,4.4,0,0,1342,1661,0,0,0,0,0,0,0,0,0,0,0,0,0,0,0,0,0,0,586,576,558,589
James,Daly,CRY,FWD,4.5,4.5,0,0,1323,1185,0,0,0,0,0,0,0,0,0,0,0,0,0,0,0,0,0,0,626,616,603,628
Wesley,Hoedt,SOT,DEF,4.5,4.2,0,0,1221,5152,0,0,0,0,0,0,0,0,0,0,0,0,0,0,0,0,0,0,569,553,527,571
Max,Thompson,BUR,FWD,4.5,4.5,1,1,1207,693,0.2,2,0,0,0,0,0,0,0,0,0,0,0,3,0,0,0,0,634,623,612,636
Christian,Saydee,BOU,MID,4.5,4.5,0,0,1204,954,0,0,0,0,0,0,0,0,0,0,0,0,0,0,0,0,0,0,632,621,610,634
Konstantinos,Mavropanos,ARS,DEF,4.5,4.3,0,0,1185,5056,0,0,0,0,0,0,0,0,0,0,0,0,0,0,0,0,0,0,585,572,552,587
Matthew,Smith,ARS,DEF,4,4,0,0,1167,454,0,0,0,0,0,0,0,0,0,0,0,0,0,0,0,0,0,0,540,522,491,542
Bobby,Thomas,BUR,DEF,4,4,0,0,1155,490,0,0,0,0,0,0,0,0,0,0,0,0,0,0,0,0,0,0,549,531,500,551
Jordan,Thomas,NOR,DEF,4,4,1,1,1141,433,0.2,1,0,0,0,0,0,0,0,0,0,0,0,3,0,0,0,0,545,527,496,547
Lukas,Jensen,BUR,GKP,4,4,0,0,1135,432,0,0,0,0,0,0,0,0,0,0,0,0,0,0,0,0,0,0,547,529,498,549
Hélder,Costa,WOL,MID,5,4.8,0,0,1085,2072,0,0,0,0,0,0,0,0,0,0,0,0,0,0,0,0,0,0,643,637,632,645
Tyreece,John-Jules,ARS,FWD,4.5,4.4,0,0,1056,875,0,0,0,0,0,0,0,0,0,0,0,0,0,0,0,0,0,0,595,585,569,598
Lee,Grant,MUN,GKP,5,4.7,0,0,1034,5379,0,0,0,0,0,0,0,0,0,0,0,0,0,0,0,0,0,0,639,629,620,641
Robert Kenedy,Nunes do Nascimento,CHE,MID,5.5,5.2,0,0,989,4695,0,0,0,0,0,0,0,0,0,0,0,0,0,0,0,0,0,0,657,654,652,658
João Manuel,Neves Virgínia,EVE,GKP,4,4,0,0,980,535,0,0,0,0,0,0,0,0,0,0,0,0,0,0,0,0,0,0,539,521,490,541
Charlie,Austin,SOT,FWD,6,6,0,0,967,9311,0,0,0,0,0,0,0,0,0,0,0,0,0,0,0,0,0,0,662,663,661,663
Ken,Sema,WAT,MID,5,4.7,0,0,904,3340,0,0,0,0,0,0,0,0,0,0,0,0,0,0,0,0,0,0,641,633,626,643
Leonardo,Campana,WOL,FWD,4.5,4.5,0,0,878,365,0,0,0,0,0,0,0,0,0,0,0,0,0,0,0,0,0,0,635,624,613,637
Mace,Goodridge,BUR,MID,4.5,4.5,0,0,865,671,0,0,0,0,0,0,0,0,0,0,0,0,0,0,0,0,0,0,606,596,583,609
Ignacio,Pussetto,WAT,MID,5,4.6,6,0.9,813,695,1.3,67,0,0,0,3,0,0,0,1,0,0,0,20,29,5,2,4,441,439,445,461
Danilo Luiz,da Silva,MCI,DEF,5,5,0,0,808,6018,0,0,0,0,0,0,0,0,0,0,0,0,0,0,0,0,0,0,650,646,642,652
Birkir,Bjarnason,AVL,MID,4.5,4.5,0,0,806,7921,0,0,0,0,0,0,0,0,0,0,0,0,0,0,0,0,0,0,596,586,570,599
Simon,Mignolet,LIV,GKP,4.5,4.5,0,0,806,3175,0,0,0,0,0,0,0,0,0,0,0,0,0,0,0,0,0,0,598,589,574,601
Ivan,Cavaleiro,WOL,MID,5,4.9,0,0,802,1193,0,0,0,0,0,0,0,0,0,0,0,0,0,0,0,0,0,0,646,642,638,648
Laurent,Koscielny,ARS,DEF,5,5,0,0,782,12898,0,0,0,0,0,0,0,0,0,0,0,0,0,0,0,0,0,0,647,643,639,649
Gavin,Kilkenny,BOU,MID,4.5,4.5,0,0,750,605,0,0,0,0,0,0,0,0,0,0,0,0,0,0,0,0,0,0,628,617,605,630
Panagiotis,Retsos,SHU,DEF,4.5,4.5,0,0,745,710,0,0,0,0,0,0,0,0,0,0,0,0,0,0,0,0,0,0,613,604,590,616
Bernardo,Costa Da Rosa,WHU,MID,4.5,4.5,0,0,741,519,0,0,0,0,0,0,0,0,0,0,0,0,0,0,0,0,0,0,619,609,595,621
Rachid,Ghezzal,LEI,MID,5.5,5.1,0,0,671,3983,0,0,0,0,0,0,0,0,0,0,0,0,0,0,0,0,0,0,653,650,647,654
Owen,Otasowie,WOL,MID,4.5,4.5,0,0,669,620,0,0,0,0,0,0,0,0,0,0,0,0,0,0,0,0,0,0,622,612,598,624
Matteo,Darmian,MUN,DEF,5,4.9,0,0,647,5008,0,0,0,0,0,0,0,0,0,0,0,0,0,0,0,0,0,0,645,640,636,647
Rafael,Camacho,LIV,MID,4.5,4.5,0,0,628,737,0,0,0,0,0,0,0,0,0,0,0,0,0,0,0,0,0,0,610,601,587,613
Taylor,Harwood-Bellis,MCI,DEF,4,4,0,0,626,331,0,0,0,0,0,0,0,0,0,0,0,0,0,0,0,0,0,0,543,525,494,545
Dennis,Cirkin,SPU,DEF,4,4,0,0,601,240,0,0,0,0,0,0,0,0,0,0,0,0,0,0,0,0,0,0,550,532,501,552
Mihai-Alexandru,Dobre,BOU,MID,4.5,4.4,0,0,591,528,0,0,0,0,0,0,0,0,0,0,0,0,0,0,0,0,0,0,594,584,567,597
Brandon,Pierrick,CRY,MID,4.5,4.5,2,1,580,425,0.4,13,0,0,0,0,0,0,0,0,0,0,0,7,6,21,2,3,477,403,444,468
Idrissa,Gueye,EVE,MID,5,5,0,0,557,2263,0,0,0,0,0,0,0,0,0,0,0,0,0,0,0,0,0,0,649,645,641,651
Faustino,Anjorin,CHE,MID,4.5,4.5,1,1,542,372,0.2,19,0,0,0,0,0,0,0,0,0,0,0,1,0,1,9,1,614,466,420,493
Carl,Jenkinson,ARS,DEF,4.5,4.5,0,0,534,2720,0,0,0,0,0,0,0,0,0,0,0,0,0,0,0,0,0,0,599,590,575,602
Nya,Kirby,CRY,MID,4.5,4.5,0,0,530,324,0,0,0,0,0,0,0,0,0,0,0,0,0,0,0,0,0,0,607,598,584,610
Andre,Green,AVL,MID,5,4.8,0,0,524,1580,0,0,0,0,0,0,0,0,0,0,0,0,0,0,0,0,0,0,644,638,633,646
Adalberto,Peñaranda,WAT,FWD,4.5,4.5,0,0,523,283,0,0,0,0,0,0,0,0,0,0,0,0,0,0,0,0,0,0,604,594,581,607
Matthew,Clarke,BHA,DEF,4.5,4.3,0,0,498,1392,0,0,0,0,0,0,0,0,0,0,0,0,0,0,0,0,0,0,578,565,543,580
Mark,Duffy,SHU,MID,5.5,5.2,0,0,408,5348,0,0,0,0,0,0,0,0,0,0,0,0,0,0,0,0,0,0,655,652,649,656
Anthony,Knockaert,BHA,MID,5.5,5.3,0,0,408,1057,0,0,0,0,0,0,0,0,0,0,0,0,0,0,0,0,0,0,658,658,656,659
Steven,Defour,BUR,MID,5.5,5.5,0,0,402,521,0,0,0,0,0,0,0,0,0,0,0,0,0,0,0,0,0,0,660,661,659,661
Mohamed,Elyounoussi,SOT,MID,5.5,5.2,0,0,399,3447,0,0,0,0,0,0,0,0,0,0,0,0,0,0,0,0,0,0,656,653,650,657
Giovanni,McGregor,CRY,MID,4.5,4.5,0,0,378,349,0,0,0,0,0,0,0,0,0,0,0,0,0,0,0,0,0,0,618,608,594,620
José Heriberto,Izquierdo Mena,BHA,MID,5.5,5.4,0,0,338,421,0,0,0,0,0,0,0,0,0,0,0,0,0,0,0,0,0,0,659,660,658,660
Jacob,Murphy,NEW,MID,5,4.7,0,0,310,1432,0,0,0,0,0,0,0,0,0,0,0,0,0,0,0,0,0,0,640,631,624,642
Ademola,Lookman,EVE,MID,5,5,0,0,288,673,0,0,0,0,0,0,0,0,0,0,0,0,0,0,0,0,0,0,652,648,644,653
Darnell,Johnson,LEI,DEF,4,4,0,0,268,63,0,0,0,0,0,0,0,0,0,0,0,0,0,0,0,0,0,0,530,512,481,532
Nikola,Tavares,CRY,DEF,4,4,0,0,265,256,0,0,0,0,0,0,0,0,0,0,0,0,0,0,0,0,0,0,542,524,493,544
Josh,Martin,NOR,MID,4.5,4.5,5,1,263,166,1.1,32,0,0,0,2,0,0,0,0,0,0,0,14,7,1,17,3,475,473,402,475
Harvey,White,SPU,MID,4.5,4.5,0,0,231,128,0,0,0,0,0,0,0,0,0,0,0,0,0,0,0,0,0,0,629,618,607,631
Alfie,Lewis,WHU,MID,4.5,4.5,0,0,194,86,0,0,0,0,0,0,0,0,0,0,0,0,0,0,0,0,0,0,608,599,585,611
Tommy,Doyle,MCI,MID,4.5,4.5,1,1,182,92,0.2,15,0,0,0,0,0,0,0,0,0,0,0,3,4,2,7,1,487,454,426,486
Jack,Young,NEW,MID,4.5,4.5,0,0,145,51,0,0,0,0,0,0,0,0,0,0,0,0,0,0,0,0,0,0,617,607,593,619
George,Hirst,LEI,FWD,4.5,4.5,2,1,141,52,0.4,9,0,0,0,1,0,0,0,0,0,0,0,3,3,1,25,3,490,475,379,472
Cole,Palmer,MCI,MID,4.5,4.5,0,0,140,77,0,0,0,0,0,0,0,0,0,0,0,0,0,0,0,0,0,0,620,610,596,622
Josh,Benson,BUR,MID,4.5,4.5,0,0,116,51,0,0,0,0,0,0,0,0,0,0,0,0,0,0,0,0,0,0,609,600,586,612
Kaine,Hayden,AVL,MID,4.5,4.5,0,0,103,15,0,0,0,0,0,0,0,0,0,0,0,0,0,0,0,0,0,0,636,625,614,638
Alex,Cochrane,BHA,DEF,4,4,0,0,101,15,0,0,0,0,0,0,0,0,0,0,0,0,0,0,0,0,0,0,537,519,488,539
Nathan,Tella,SOT,MID,4.5,4.5,1,1,75,60,0.2,2,0,0,0,0,0,0,0,0,0,0,0,3,3,0,17,2,492,597,401,477
Ellis,Simms,EVE,FWD,4.5,4.5,0,0,74,21,0,0,0,0,0,0,0,0,0,0,0,0,0,0,0,0,0,0,611,602,588,614
Conor,Coventry,WHU,MID,4.5,4.5,0,0,68,6,0,0,0,0,0,0,0,0,0,0,0,0,0,0,0,0,0,0,612,603,589,615
Will,Ferry,SOT,MID,4.5,4.5,0,0,67,27,0,0,0,0,0,0,0,0,0,0,0,0,0,0,0,0,0,0,623,613,599,625
Lewis,Bate,CHE,MID,4.5,4.5,0,0,64,23,0,0,0,0,0,0,0,0,0,0,0,0,0,0,0,0,0,0,631,620,609,633
Joel,Mumbongo,BUR,FWD,4.5,4.5,0,0,57,9,0,0,0,0,0,0,0,0,0,0,0,0,0,0,0,0,0,0,624,614,601,626
Alexandre,Jankewitz,SOT,MID,4.5,4.5,0,0,45,22,0,0,0,0,0,0,0,0,0,0,0,0,0,0,0,0,0,0,630,619,608,632
John-Kymani,Gordon,CRY,MID,4.5,4.5,0,0,30,6,0,0,0,0,0,0,0,0,0,0,0,0,0,0,0,0,0,0,633,622,611,635
Jacob,Maddox,SOT,MID,4.5,4.5,0,0,22,4,0,0,0,0,0,0,0,0,0,0,0,0,0,0,0,0,0,0,603,593,579,605
Daniel,Adshead,NOR,MID,4.5,4.5,0,0,0,0,0,0,0,0,0,0,0,0,0,0,0,0,0,0,0,0,0,0,625,615,602,627